keff,panels_deg,areal_dens,type,solbor,burnup,vf
0.90004,0,1.00E-11,bwr,0,12,0
0.90253,1,1.00E-11,bwr,0,12,0
0.90577,2,1.00E-11,bwr,0,12,0
0.9168,3,1.00E-11,bwr,0,12,0
0.93348,4,1.00E-11,bwr,0,12,0
0.981,8,1.00E-11,bwr,0,12,0
1.01371,12,1.00E-11,bwr,0,12,0
1.06157,20,1.00E-11,bwr,0,12,0
1.11349,40,1.00E-11,bwr,0,12,0
1.15152,80,1.00E-11,bwr,0,12,0
1.20309,200,1.00E-11,bwr,0,12,0
0.90004,0,0.002,bwr,0,12,0
0.9013,1,0.002,bwr,0,12,0
0.90192,2,0.002,bwr,0,12,0
0.90388,3,0.002,bwr,0,12,0
0.90606,4,0.002,bwr,0,12,0
0.91797,8,0.002,bwr,0,12,0
0.93157,12,0.002,bwr,0,12,0
0.95408,20,0.002,bwr,0,12,0
0.98481,40,0.002,bwr,0,12,0
1.00961,80,0.002,bwr,0,12,0
1.04764,200,0.002,bwr,0,12,0
0.90004,0,0.004,bwr,0,12,0
0.90104,1,0.004,bwr,0,12,0
0.902,2,0.004,bwr,0,12,0
0.9025,3,0.004,bwr,0,12,0
0.90347,4,0.004,bwr,0,12,0
0.90921,8,0.004,bwr,0,12,0
0.91443,12,0.004,bwr,0,12,0
0.92823,20,0.004,bwr,0,12,0
0.94928,40,0.004,bwr,0,12,0
0.97029,80,0.004,bwr,0,12,0
1.0022,200,0.004,bwr,0,12,0
0.90004,0,0.006,bwr,0,12,0
0.90134,1,0.006,bwr,0,12,0
0.90157,2,0.006,bwr,0,12,0
0.90166,3,0.006,bwr,0,12,0
0.90273,4,0.006,bwr,0,12,0
0.90508,8,0.006,bwr,0,12,0
0.90922,12,0.006,bwr,0,12,0
0.91676,20,0.006,bwr,0,12,0
0.93216,40,0.006,bwr,0,12,0
0.94823,80,0.006,bwr,0,12,0
0.97669,200,0.006,bwr,0,12,0
0.90004,0,0.008,bwr,0,12,0
0.90056,1,0.008,bwr,0,12,0
0.90083,2,0.008,bwr,0,12,0
0.90134,3,0.008,bwr,0,12,0
0.90225,4,0.008,bwr,0,12,0
0.90318,8,0.008,bwr,0,12,0
0.90547,12,0.008,bwr,0,12,0
0.91076,20,0.008,bwr,0,12,0
0.92157,40,0.008,bwr,0,12,0
0.93569,80,0.008,bwr,0,12,0
0.95818,200,0.008,bwr,0,12,0
0.90004,0,0.01,bwr,0,12,0
0.90091,1,0.01,bwr,0,12,0
0.90079,2,0.01,bwr,0,12,0
0.90089,3,0.01,bwr,0,12,0
0.90171,4,0.01,bwr,0,12,0
0.90249,8,0.01,bwr,0,12,0
0.90423,12,0.01,bwr,0,12,0
0.90708,20,0.01,bwr,0,12,0
0.91542,40,0.01,bwr,0,12,0
0.9254,80,0.01,bwr,0,12,0
0.94497,200,0.01,bwr,0,12,0
0.90004,0,0.012,bwr,0,12,0
0.90082,1,0.012,bwr,0,12,0
0.90131,2,0.012,bwr,0,12,0
0.9009,3,0.012,bwr,0,12,0
0.90074,4,0.012,bwr,0,12,0
0.90236,8,0.012,bwr,0,12,0
0.9032,12,0.012,bwr,0,12,0
0.90517,20,0.012,bwr,0,12,0
0.91041,40,0.012,bwr,0,12,0
0.91852,80,0.012,bwr,0,12,0
0.93443,200,0.012,bwr,0,12,0
0.90004,0,0.014,bwr,0,12,0
0.90042,1,0.014,bwr,0,12,0
0.90027,2,0.014,bwr,0,12,0
0.901,3,0.014,bwr,0,12,0
0.90061,4,0.014,bwr,0,12,0
0.9015,8,0.014,bwr,0,12,0
0.90203,12,0.014,bwr,0,12,0
0.90281,20,0.014,bwr,0,12,0
0.90663,40,0.014,bwr,0,12,0
0.91247,80,0.014,bwr,0,12,0
0.92534,200,0.014,bwr,0,12,0
0.90004,0,0.016,bwr,0,12,0
0.90097,1,0.016,bwr,0,12,0
0.9003,2,0.016,bwr,0,12,0
0.90076,3,0.016,bwr,0,12,0
0.9005,4,0.016,bwr,0,12,0
0.90112,8,0.016,bwr,0,12,0
0.90145,12,0.016,bwr,0,12,0
0.90243,20,0.016,bwr,0,12,0
0.905,40,0.016,bwr,0,12,0
0.90882,80,0.016,bwr,0,12,0
0.91788,200,0.016,bwr,0,12,0
0.90004,0,0.018,bwr,0,12,0
0.90062,1,0.018,bwr,0,12,0
0.90074,2,0.018,bwr,0,12,0
0.90048,3,0.018,bwr,0,12,0
0.90064,4,0.018,bwr,0,12,0
0.90104,8,0.018,bwr,0,12,0
0.9009,12,0.018,bwr,0,12,0
0.90128,20,0.018,bwr,0,12,0
0.90297,40,0.018,bwr,0,12,0
0.90531,80,0.018,bwr,0,12,0
0.91138,200,0.018,bwr,0,12,0
0.90004,0,0.02,bwr,0,12,0
0.90091,1,0.02,bwr,0,12,0
0.89964,2,0.02,bwr,0,12,0
0.90072,3,0.02,bwr,0,12,0
0.90112,4,0.02,bwr,0,12,0
0.90038,8,0.02,bwr,0,12,0
0.90145,12,0.02,bwr,0,12,0
0.90036,20,0.02,bwr,0,12,0
0.90164,40,0.02,bwr,0,12,0
0.90254,80,0.02,bwr,0,12,0
0.9061,200,0.02,bwr,0,12,0
0.90004,0,0.022,bwr,0,12,0
0.90004,1,0.022,bwr,0,12,0
0.90036,2,0.022,bwr,0,12,0
0.90036,3,0.022,bwr,0,12,0
0.90004,4,0.022,bwr,0,12,0
0.90004,8,0.022,bwr,0,12,0
0.90004,12,0.022,bwr,0,12,0
0.90086,20,0.022,bwr,0,12,0
0.90038,40,0.022,bwr,0,12,0
0.90036,80,0.022,bwr,0,12,0
0.90004,200,0.022,bwr,0,12,0
0.89691,0,1.00E-11,bwr,0,12,0.7
0.89984,1,1.00E-11,bwr,0,12,0.7
0.90317,2,1.00E-11,bwr,0,12,0.7
0.91279,3,1.00E-11,bwr,0,12,0.7
0.92968,4,1.00E-11,bwr,0,12,0.7
0.97735,8,1.00E-11,bwr,0,12,0.7
1.00966,12,1.00E-11,bwr,0,12,0.7
1.05708,20,1.00E-11,bwr,0,12,0.7
1.10831,40,1.00E-11,bwr,0,12,0.7
1.14689,80,1.00E-11,bwr,0,12,0.7
1.198,200,1.00E-11,bwr,0,12,0.7
0.89691,0,0.002,bwr,0,12,0.7
0.8982,1,0.002,bwr,0,12,0.7
0.89936,2,0.002,bwr,0,12,0.7
0.90104,3,0.002,bwr,0,12,0.7
0.90378,4,0.002,bwr,0,12,0.7
0.91469,8,0.002,bwr,0,12,0.7
0.92792,12,0.002,bwr,0,12,0.7
0.95062,20,0.002,bwr,0,12,0.7
0.98093,40,0.002,bwr,0,12,0.7
1.00652,80,0.002,bwr,0,12,0.7
1.04435,200,0.002,bwr,0,12,0.7
0.89691,0,0.004,bwr,0,12,0.7
0.89749,1,0.004,bwr,0,12,0.7
0.89869,2,0.004,bwr,0,12,0.7
0.8988,3,0.004,bwr,0,12,0.7
0.90003,4,0.004,bwr,0,12,0.7
0.90482,8,0.004,bwr,0,12,0.7
0.91165,12,0.004,bwr,0,12,0.7
0.92525,20,0.004,bwr,0,12,0.7
0.94633,40,0.004,bwr,0,12,0.7
0.96689,80,0.004,bwr,0,12,0.7
0.99841,200,0.004,bwr,0,12,0.7
0.89691,0,0.006,bwr,0,12,0.7
0.89778,1,0.006,bwr,0,12,0.7
0.89786,2,0.006,bwr,0,12,0.7
0.89842,3,0.006,bwr,0,12,0.7
0.8992,4,0.006,bwr,0,12,0.7
0.90253,8,0.006,bwr,0,12,0.7
0.90533,12,0.006,bwr,0,12,0.7
0.91278,20,0.006,bwr,0,12,0.7
0.92884,40,0.006,bwr,0,12,0.7
0.94546,80,0.006,bwr,0,12,0.7
0.97365,200,0.006,bwr,0,12,0.7
0.89691,0,0.008,bwr,0,12,0.7
0.89811,1,0.008,bwr,0,12,0.7
0.8979,2,0.008,bwr,0,12,0.7
0.89845,3,0.008,bwr,0,12,0.7
0.89787,4,0.008,bwr,0,12,0.7
0.90055,8,0.008,bwr,0,12,0.7
0.90319,12,0.008,bwr,0,12,0.7
0.90774,20,0.008,bwr,0,12,0.7
0.9185,40,0.008,bwr,0,12,0.7
0.9316,80,0.008,bwr,0,12,0.7
0.95481,200,0.008,bwr,0,12,0.7
0.89691,0,0.01,bwr,0,12,0.7
0.89717,1,0.01,bwr,0,12,0.7
0.89756,2,0.01,bwr,0,12,0.7
0.89824,3,0.01,bwr,0,12,0.7
0.89872,4,0.01,bwr,0,12,0.7
0.89987,8,0.01,bwr,0,12,0.7
0.90117,12,0.01,bwr,0,12,0.7
0.90311,20,0.01,bwr,0,12,0.7
0.91129,40,0.01,bwr,0,12,0.7
0.92204,80,0.01,bwr,0,12,0.7
0.94134,200,0.01,bwr,0,12,0.7
0.89691,0,0.012,bwr,0,12,0.7
0.89744,1,0.012,bwr,0,12,0.7
0.89762,2,0.012,bwr,0,12,0.7
0.8976,3,0.012,bwr,0,12,0.7
0.89734,4,0.012,bwr,0,12,0.7
0.89902,8,0.012,bwr,0,12,0.7
0.89963,12,0.012,bwr,0,12,0.7
0.90174,20,0.012,bwr,0,12,0.7
0.90712,40,0.012,bwr,0,12,0.7
0.91508,80,0.012,bwr,0,12,0.7
0.93092,200,0.012,bwr,0,12,0.7
0.89691,0,0.014,bwr,0,12,0.7
0.89777,1,0.014,bwr,0,12,0.7
0.89793,2,0.014,bwr,0,12,0.7
0.89721,3,0.014,bwr,0,12,0.7
0.89755,4,0.014,bwr,0,12,0.7
0.89834,8,0.014,bwr,0,12,0.7
0.89889,12,0.014,bwr,0,12,0.7
0.90029,20,0.014,bwr,0,12,0.7
0.90383,40,0.014,bwr,0,12,0.7
0.90974,80,0.014,bwr,0,12,0.7
0.92244,200,0.014,bwr,0,12,0.7
0.89691,0,0.016,bwr,0,12,0.7
0.89786,1,0.016,bwr,0,12,0.7
0.89749,2,0.016,bwr,0,12,0.7
0.89761,3,0.016,bwr,0,12,0.7
0.89717,4,0.016,bwr,0,12,0.7
0.89847,8,0.016,bwr,0,12,0.7
0.89833,12,0.016,bwr,0,12,0.7
0.89943,20,0.016,bwr,0,12,0.7
0.9014,40,0.016,bwr,0,12,0.7
0.90505,80,0.016,bwr,0,12,0.7
0.91491,200,0.016,bwr,0,12,0.7
0.89691,0,0.018,bwr,0,12,0.7
0.89723,1,0.018,bwr,0,12,0.7
0.89773,2,0.018,bwr,0,12,0.7
0.89725,3,0.018,bwr,0,12,0.7
0.89763,4,0.018,bwr,0,12,0.7
0.8975,8,0.018,bwr,0,12,0.7
0.89816,12,0.018,bwr,0,12,0.7
0.89852,20,0.018,bwr,0,12,0.7
0.89998,40,0.018,bwr,0,12,0.7
0.9018,80,0.018,bwr,0,12,0.7
0.90865,200,0.018,bwr,0,12,0.7
0.89691,0,0.02,bwr,0,12,0.7
0.89732,1,0.02,bwr,0,12,0.7
0.89745,2,0.02,bwr,0,12,0.7
0.897,3,0.02,bwr,0,12,0.7
0.89711,4,0.02,bwr,0,12,0.7
0.89691,8,0.02,bwr,0,12,0.7
0.89732,12,0.02,bwr,0,12,0.7
0.89716,20,0.02,bwr,0,12,0.7
0.89832,40,0.02,bwr,0,12,0.7
0.89897,80,0.02,bwr,0,12,0.7
0.90223,200,0.02,bwr,0,12,0.7
0.89691,0,0.022,bwr,0,12,0.7
0.89691,1,0.022,bwr,0,12,0.7
0.89716,2,0.022,bwr,0,12,0.7
0.89716,3,0.022,bwr,0,12,0.7
0.89691,4,0.022,bwr,0,12,0.7
0.89691,8,0.022,bwr,0,12,0.7
0.8965,12,0.022,bwr,0,12,0.7
0.8965,20,0.022,bwr,0,12,0.7
0.89743,40,0.022,bwr,0,12,0.7
0.89659,80,0.022,bwr,0,12,0.7
0.89691,200,0.022,bwr,0,12,0.7
0.9015,1,1.00E-11,bwr,0,24,0
0.90378,2,1.00E-11,bwr,0,24,0
0.90854,3,1.00E-11,bwr,0,24,0
0.91936,4,1.00E-11,bwr,0,24,0
0.95702,8,1.00E-11,bwr,0,24,0
0.98492,12,1.00E-11,bwr,0,24,0
1.02666,20,1.00E-11,bwr,0,24,0
1.07449,40,1.00E-11,bwr,0,24,0
1.11078,80,1.00E-11,bwr,0,24,0
1.15913,200,1.00E-11,bwr,0,24,0
0.9004,1,0.002,bwr,0,24,0
0.90098,2,0.002,bwr,0,24,0
0.90171,3,0.002,bwr,0,24,0
0.90375,4,0.002,bwr,0,24,0
0.90857,8,0.002,bwr,0,24,0
0.91502,12,0.002,bwr,0,24,0
0.92909,20,0.002,bwr,0,24,0
0.95293,40,0.002,bwr,0,24,0
0.97438,80,0.002,bwr,0,24,0
1.0079,200,0.002,bwr,0,24,0
0.90012,1,0.004,bwr,0,24,0
0.90089,2,0.004,bwr,0,24,0
0.90125,3,0.004,bwr,0,24,0
0.90223,4,0.004,bwr,0,24,0
0.9043,8,0.004,bwr,0,24,0
0.90593,12,0.004,bwr,0,24,0
0.91199,20,0.004,bwr,0,24,0
0.92382,40,0.004,bwr,0,24,0
0.93822,80,0.004,bwr,0,24,0
0.96398,200,0.004,bwr,0,24,0
0.90075,1,0.006,bwr,0,24,0
0.90012,2,0.006,bwr,0,24,0
0.90084,3,0.006,bwr,0,24,0
0.9013,4,0.006,bwr,0,24,0
0.90223,8,0.006,bwr,0,24,0
0.9033,12,0.006,bwr,0,24,0
0.9052,20,0.006,bwr,0,24,0
0.91158,40,0.006,bwr,0,24,0
0.9204,80,0.006,bwr,0,24,0
0.93911,200,0.006,bwr,0,24,0
0.89986,1,0.008,bwr,0,24,0
0.89973,2,0.008,bwr,0,24,0
0.90105,3,0.008,bwr,0,24,0
0.90087,4,0.008,bwr,0,24,0
0.90125,8,0.008,bwr,0,24,0
0.90133,12,0.008,bwr,0,24,0
0.90288,20,0.008,bwr,0,24,0
0.90574,40,0.008,bwr,0,24,0
0.91045,80,0.008,bwr,0,24,0
0.922,200,0.008,bwr,0,24,0
0.90018,1,0.01,bwr,0,24,0
0.90009,2,0.01,bwr,0,24,0
0.89992,3,0.01,bwr,0,24,0
0.901,4,0.01,bwr,0,24,0
0.90066,8,0.01,bwr,0,24,0
0.90146,12,0.01,bwr,0,24,0
0.90162,20,0.01,bwr,0,24,0
0.90192,40,0.01,bwr,0,24,0
0.90391,80,0.01,bwr,0,24,0
0.90947,200,0.01,bwr,0,24,0
0.90011,1,0.012,bwr,0,24,0
0.90016,2,0.012,bwr,0,24,0
0.90019,3,0.012,bwr,0,24,0
0.90012,4,0.012,bwr,0,24,0
0.90062,8,0.012,bwr,0,24,0
0.90007,12,0.012,bwr,0,24,0
0.90065,20,0.012,bwr,0,24,0
0.90026,40,0.012,bwr,0,24,0
0.89974,80,0.012,bwr,0,24,0
0.8989,200,0.012,bwr,0,24,0
0.89989,1,0.014,bwr,0,24,0
0.89995,2,0.014,bwr,0,24,0
0.9,3,0.014,bwr,0,24,0
0.8995,4,0.014,bwr,0,24,0
0.89995,8,0.014,bwr,0,24,0
0.89974,12,0.014,bwr,0,24,0
0.89987,20,0.014,bwr,0,24,0
0.89846,40,0.014,bwr,0,24,0
0.89716,80,0.014,bwr,0,24,0
0.8901,200,0.014,bwr,0,24,0
0.89978,1,0.016,bwr,0,24,0
0.90013,2,0.016,bwr,0,24,0
0.8999,3,0.016,bwr,0,24,0
0.90014,4,0.016,bwr,0,24,0
0.89978,8,0.016,bwr,0,24,0
0.89944,12,0.016,bwr,0,24,0
0.89889,20,0.016,bwr,0,24,0
0.8981,40,0.016,bwr,0,24,0
0.89413,80,0.016,bwr,0,24,0
0.88361,200,0.016,bwr,0,24,0
0.90001,1,0.018,bwr,0,24,0
0.89961,2,0.018,bwr,0,24,0
0.90009,3,0.018,bwr,0,24,0
0.89996,4,0.018,bwr,0,24,0
0.8999,8,0.018,bwr,0,24,0
0.89916,12,0.018,bwr,0,24,0
0.89879,20,0.018,bwr,0,24,0
0.89669,40,0.018,bwr,0,24,0
0.89321,80,0.018,bwr,0,24,0
0.87682,200,0.018,bwr,0,24,0
0.89952,1,0.02,bwr,0,24,0
0.89979,2,0.02,bwr,0,24,0
0.89976,3,0.02,bwr,0,24,0
0.90018,4,0.02,bwr,0,24,0
0.89964,8,0.02,bwr,0,24,0
0.8986,12,0.02,bwr,0,24,0
0.89776,20,0.02,bwr,0,24,0
0.89614,40,0.02,bwr,0,24,0
0.89215,80,0.02,bwr,0,24,0
0.87138,200,0.02,bwr,0,24,0
0.89921,1,0.022,bwr,0,24,0
0.89921,2,0.022,bwr,0,24,0
0.89921,3,0.022,bwr,0,24,0
0.89921,4,0.022,bwr,0,24,0
0.89953,8,0.022,bwr,0,24,0
0.89901,12,0.022,bwr,0,24,0
0.89809,20,0.022,bwr,0,24,0
0.89589,40,0.022,bwr,0,24,0
0.88983,80,0.022,bwr,0,24,0
0.86653,200,0.022,bwr,0,24,0
0.89819,1,1.00E-11,bwr,0,24,0.7
0.90101,2,1.00E-11,bwr,0,24,0.7
0.90788,3,1.00E-11,bwr,0,24,0.7
0.91857,4,1.00E-11,bwr,0,24,0.7
0.95816,8,1.00E-11,bwr,0,24,0.7
0.98706,12,1.00E-11,bwr,0,24,0.7
1.03049,20,1.00E-11,bwr,0,24,0.7
1.07866,40,1.00E-11,bwr,0,24,0.7
1.11473,80,1.00E-11,bwr,0,24,0.7
1.16403,200,1.00E-11,bwr,0,24,0.7
0.89736,1,0.002,bwr,0,24,0.7
0.89763,2,0.002,bwr,0,24,0.7
0.89925,3,0.002,bwr,0,24,0.7
0.9008,4,0.002,bwr,0,24,0.7
0.9073,8,0.002,bwr,0,24,0.7
0.91466,12,0.002,bwr,0,24,0.7
0.93154,20,0.002,bwr,0,24,0.7
0.9557,40,0.002,bwr,0,24,0.7
0.97855,80,0.002,bwr,0,24,0.7
1.01356,200,0.002,bwr,0,24,0.7
0.89729,1,0.004,bwr,0,24,0.7
0.89744,2,0.004,bwr,0,24,0.7
0.89864,3,0.004,bwr,0,24,0.7
0.89847,4,0.004,bwr,0,24,0.7
0.90201,8,0.004,bwr,0,24,0.7
0.90445,12,0.004,bwr,0,24,0.7
0.91234,20,0.004,bwr,0,24,0.7
0.92521,40,0.004,bwr,0,24,0.7
0.94229,80,0.004,bwr,0,24,0.7
0.9688,200,0.004,bwr,0,24,0.7
0.89693,1,0.006,bwr,0,24,0.7
0.89703,2,0.006,bwr,0,24,0.7
0.89791,3,0.006,bwr,0,24,0.7
0.89829,4,0.006,bwr,0,24,0.7
0.89949,8,0.006,bwr,0,24,0.7
0.90082,12,0.006,bwr,0,24,0.7
0.9047,20,0.006,bwr,0,24,0.7
0.91172,40,0.006,bwr,0,24,0.7
0.92372,80,0.006,bwr,0,24,0.7
0.9443,200,0.006,bwr,0,24,0.7
0.89675,1,0.008,bwr,0,24,0.7
0.89752,2,0.008,bwr,0,24,0.7
0.89785,3,0.008,bwr,0,24,0.7
0.89793,4,0.008,bwr,0,24,0.7
0.89841,8,0.008,bwr,0,24,0.7
0.89966,12,0.008,bwr,0,24,0.7
0.90068,20,0.008,bwr,0,24,0.7
0.90516,40,0.008,bwr,0,24,0.7
0.91206,80,0.008,bwr,0,24,0.7
0.92739,200,0.008,bwr,0,24,0.7
0.89715,1,0.01,bwr,0,24,0.7
0.89712,2,0.01,bwr,0,24,0.7
0.89753,3,0.01,bwr,0,24,0.7
0.89796,4,0.01,bwr,0,24,0.7
0.89774,8,0.01,bwr,0,24,0.7
0.89837,12,0.01,bwr,0,24,0.7
0.89896,20,0.01,bwr,0,24,0.7
0.901,40,0.01,bwr,0,24,0.7
0.90483,80,0.01,bwr,0,24,0.7
0.9142,200,0.01,bwr,0,24,0.7
0.89691,1,0.012,bwr,0,24,0.7
0.89666,2,0.012,bwr,0,24,0.7
0.89709,3,0.012,bwr,0,24,0.7
0.89755,4,0.012,bwr,0,24,0.7
0.89717,8,0.012,bwr,0,24,0.7
0.89788,12,0.012,bwr,0,24,0.7
0.89762,20,0.012,bwr,0,24,0.7
0.89849,40,0.012,bwr,0,24,0.7
0.90009,80,0.012,bwr,0,24,0.7
0.90399,200,0.012,bwr,0,24,0.7
0.89729,1,0.014,bwr,0,24,0.7
0.89699,2,0.014,bwr,0,24,0.7
0.89691,3,0.014,bwr,0,24,0.7
0.89706,4,0.014,bwr,0,24,0.7
0.89728,8,0.014,bwr,0,24,0.7
0.89701,12,0.014,bwr,0,24,0.7
0.89739,20,0.014,bwr,0,24,0.7
0.89655,40,0.014,bwr,0,24,0.7
0.89706,80,0.014,bwr,0,24,0.7
0.89558,200,0.014,bwr,0,24,0.7
0.89705,1,0.016,bwr,0,24,0.7
0.89674,2,0.016,bwr,0,24,0.7
0.89695,3,0.016,bwr,0,24,0.7
0.89671,4,0.016,bwr,0,24,0.7
0.89699,8,0.016,bwr,0,24,0.7
0.89714,12,0.016,bwr,0,24,0.7
0.89615,20,0.016,bwr,0,24,0.7
0.89549,40,0.016,bwr,0,24,0.7
0.89364,80,0.016,bwr,0,24,0.7
0.88828,200,0.016,bwr,0,24,0.7
0.89659,1,0.018,bwr,0,24,0.7
0.89674,2,0.018,bwr,0,24,0.7
0.89663,3,0.018,bwr,0,24,0.7
0.89731,4,0.018,bwr,0,24,0.7
0.89696,8,0.018,bwr,0,24,0.7
0.89607,12,0.018,bwr,0,24,0.7
0.89565,20,0.018,bwr,0,24,0.7
0.89433,40,0.018,bwr,0,24,0.7
0.89192,80,0.018,bwr,0,24,0.7
0.88195,200,0.018,bwr,0,24,0.7
0.89665,1,0.02,bwr,0,24,0.7
0.89679,2,0.02,bwr,0,24,0.7
0.89717,3,0.02,bwr,0,24,0.7
0.8966,4,0.02,bwr,0,24,0.7
0.89646,8,0.02,bwr,0,24,0.7
0.89601,12,0.02,bwr,0,24,0.7
0.89559,20,0.02,bwr,0,24,0.7
0.89432,40,0.02,bwr,0,24,0.7
0.89054,80,0.02,bwr,0,24,0.7
0.87619,200,0.02,bwr,0,24,0.7
0.89699,1,0.022,bwr,0,24,0.7
0.89699,2,0.022,bwr,0,24,0.7
0.89694,3,0.022,bwr,0,24,0.7
0.89699,4,0.022,bwr,0,24,0.7
0.89616,8,0.022,bwr,0,24,0.7
0.89606,12,0.022,bwr,0,24,0.7
0.89522,20,0.022,bwr,0,24,0.7
0.89289,40,0.022,bwr,0,24,0.7
0.88922,80,0.022,bwr,0,24,0.7
0.87126,200,0.022,bwr,0,24,0.7
0.90012,1,1.00E-11,bwr,0,35,0
0.90142,2,1.00E-11,bwr,0,35,0
0.9046,3,1.00E-11,bwr,0,35,0
0.90989,4,1.00E-11,bwr,0,35,0
0.932,8,1.00E-11,bwr,0,35,0
0.95288,12,1.00E-11,bwr,0,35,0
0.98702,20,1.00E-11,bwr,0,35,0
1.02939,40,1.00E-11,bwr,0,35,0
1.06145,80,1.00E-11,bwr,0,35,0
1.10695,200,1.00E-11,bwr,0,35,0
0.89976,1,0.002,bwr,0,35,0
0.89996,2,0.002,bwr,0,35,0
0.90072,3,0.002,bwr,0,35,0
0.90233,4,0.002,bwr,0,35,0
0.90314,8,0.002,bwr,0,35,0
0.90566,12,0.002,bwr,0,35,0
0.91041,20,0.002,bwr,0,35,0
0.92108,40,0.002,bwr,0,35,0
0.93623,80,0.002,bwr,0,35,0
0.96104,200,0.002,bwr,0,35,0
0.89937,1,0.004,bwr,0,35,0
0.90019,2,0.004,bwr,0,35,0
0.90003,3,0.004,bwr,0,35,0
0.90087,4,0.004,bwr,0,35,0
0.90112,8,0.004,bwr,0,35,0
0.90112,12,0.004,bwr,0,35,0
0.90176,20,0.004,bwr,0,35,0
0.90468,40,0.004,bwr,0,35,0
0.90892,80,0.004,bwr,0,35,0
0.91915,200,0.004,bwr,0,35,0
0.89932,1,0.006,bwr,0,35,0
0.89974,2,0.006,bwr,0,35,0
0.89991,3,0.006,bwr,0,35,0
0.90002,4,0.006,bwr,0,35,0
0.90082,8,0.006,bwr,0,35,0
0.89984,12,0.006,bwr,0,35,0
0.89944,20,0.006,bwr,0,35,0
0.89962,40,0.006,bwr,0,35,0
0.8984,80,0.006,bwr,0,35,0
0.89593,200,0.006,bwr,0,35,0
0.89984,1,0.008,bwr,0,35,0
0.89966,2,0.008,bwr,0,35,0
0.8994,3,0.008,bwr,0,35,0
0.89988,4,0.008,bwr,0,35,0
0.89965,8,0.008,bwr,0,35,0
0.89958,12,0.008,bwr,0,35,0
0.89947,20,0.008,bwr,0,35,0
0.89757,40,0.008,bwr,0,35,0
0.89394,80,0.008,bwr,0,35,0
0.87982,200,0.008,bwr,0,35,0
0.89943,1,0.01,bwr,0,35,0
0.90002,2,0.01,bwr,0,35,0
0.89995,3,0.01,bwr,0,35,0
0.90012,4,0.01,bwr,0,35,0
0.89947,8,0.01,bwr,0,35,0
0.89929,12,0.01,bwr,0,35,0
0.89807,20,0.01,bwr,0,35,0
0.89588,40,0.01,bwr,0,35,0
0.89132,80,0.01,bwr,0,35,0
0.86749,200,0.01,bwr,0,35,0
0.89951,1,0.012,bwr,0,35,0
0.89968,2,0.012,bwr,0,35,0
0.89995,3,0.012,bwr,0,35,0
0.89957,4,0.012,bwr,0,35,0
0.89904,8,0.012,bwr,0,35,0
0.8988,12,0.012,bwr,0,35,0
0.89751,20,0.012,bwr,0,35,0
0.89478,40,0.012,bwr,0,35,0
0.88916,80,0.012,bwr,0,35,0
0.85813,200,0.012,bwr,0,35,0
0.8989,1,0.014,bwr,0,35,0
0.90015,2,0.014,bwr,0,35,0
0.89905,3,0.014,bwr,0,35,0
0.89928,4,0.014,bwr,0,35,0
0.89869,8,0.014,bwr,0,35,0
0.89812,12,0.014,bwr,0,35,0
0.89739,20,0.014,bwr,0,35,0
0.89471,40,0.014,bwr,0,35,0
0.88743,80,0.014,bwr,0,35,0
0.85041,200,0.014,bwr,0,35,0
0.90008,1,0.016,bwr,0,35,0
0.89944,2,0.016,bwr,0,35,0
0.89923,3,0.016,bwr,0,35,0
0.89906,4,0.016,bwr,0,35,0
0.89893,8,0.016,bwr,0,35,0
0.89755,12,0.016,bwr,0,35,0
0.89694,20,0.016,bwr,0,35,0
0.89397,40,0.016,bwr,0,35,0
0.88711,80,0.016,bwr,0,35,0
0.84338,200,0.016,bwr,0,35,0
0.8994,1,0.018,bwr,0,35,0
0.89904,2,0.018,bwr,0,35,0
0.89993,3,0.018,bwr,0,35,0
0.89954,4,0.018,bwr,0,35,0
0.89868,8,0.018,bwr,0,35,0
0.89852,12,0.018,bwr,0,35,0
0.89628,20,0.018,bwr,0,35,0
0.8931,40,0.018,bwr,0,35,0
0.88629,80,0.018,bwr,0,35,0
0.83713,200,0.018,bwr,0,35,0
0.89961,1,0.02,bwr,0,35,0
0.89929,2,0.02,bwr,0,35,0
0.89953,3,0.02,bwr,0,35,0
0.89979,4,0.02,bwr,0,35,0
0.89834,8,0.02,bwr,0,35,0
0.89762,12,0.02,bwr,0,35,0
0.89656,20,0.02,bwr,0,35,0
0.89322,40,0.02,bwr,0,35,0
0.88586,80,0.02,bwr,0,35,0
0.83206,200,0.02,bwr,0,35,0
0.89975,1,0.022,bwr,0,35,0
0.89975,2,0.022,bwr,0,35,0
0.89975,3,0.022,bwr,0,35,0
0.89975,4,0.022,bwr,0,35,0
0.89856,8,0.022,bwr,0,35,0
0.89675,12,0.022,bwr,0,35,0
0.89621,20,0.022,bwr,0,35,0
0.89285,40,0.022,bwr,0,35,0
0.88522,80,0.022,bwr,0,35,0
0.82739,200,0.022,bwr,0,35,0
0.89738,1,1.00E-11,bwr,0,35,0.7
0.89863,2,1.00E-11,bwr,0,35,0.7
0.90283,3,1.00E-11,bwr,0,35,0.7
0.90953,4,1.00E-11,bwr,0,35,0.7
0.93655,8,1.00E-11,bwr,0,35,0.7
0.95965,12,1.00E-11,bwr,0,35,0.7
0.99611,20,1.00E-11,bwr,0,35,0.7
1.04011,40,1.00E-11,bwr,0,35,0.7
1.07367,80,1.00E-11,bwr,0,35,0.7
1.1197,200,1.00E-11,bwr,0,35,0.7
0.89644,1,0.002,bwr,0,35,0.7
0.89767,2,0.002,bwr,0,35,0.7
0.89737,3,0.002,bwr,0,35,0.7
0.89901,4,0.002,bwr,0,35,0.7
0.90118,8,0.002,bwr,0,35,0.7
0.90491,12,0.002,bwr,0,35,0.7
0.91226,20,0.002,bwr,0,35,0.7
0.92821,40,0.002,bwr,0,35,0.7
0.94559,80,0.002,bwr,0,35,0.7
0.97453,200,0.002,bwr,0,35,0.7
0.89657,1,0.004,bwr,0,35,0.7
0.89682,2,0.004,bwr,0,35,0.7
0.89688,3,0.004,bwr,0,35,0.7
0.89789,4,0.004,bwr,0,35,0.7
0.89846,8,0.004,bwr,0,35,0.7
0.8995,12,0.004,bwr,0,35,0.7
0.90194,20,0.004,bwr,0,35,0.7
0.90641,40,0.004,bwr,0,35,0.7
0.91388,80,0.004,bwr,0,35,0.7
0.93168,200,0.004,bwr,0,35,0.7
0.89642,1,0.006,bwr,0,35,0.7
0.89681,2,0.006,bwr,0,35,0.7
0.89717,3,0.006,bwr,0,35,0.7
0.89713,4,0.006,bwr,0,35,0.7
0.89754,8,0.006,bwr,0,35,0.7
0.89747,12,0.006,bwr,0,35,0.7
0.8978,20,0.006,bwr,0,35,0.7
0.8988,40,0.006,bwr,0,35,0.7
0.90145,80,0.006,bwr,0,35,0.7
0.90859,200,0.006,bwr,0,35,0.7
0.89652,1,0.008,bwr,0,35,0.7
0.89698,2,0.008,bwr,0,35,0.7
0.89689,3,0.008,bwr,0,35,0.7
0.89729,4,0.008,bwr,0,35,0.7
0.89701,8,0.008,bwr,0,35,0.7
0.89688,12,0.008,bwr,0,35,0.7
0.89655,20,0.008,bwr,0,35,0.7
0.89605,40,0.008,bwr,0,35,0.7
0.8949,80,0.008,bwr,0,35,0.7
0.89139,200,0.008,bwr,0,35,0.7
0.89645,1,0.01,bwr,0,35,0.7
0.89601,2,0.01,bwr,0,35,0.7
0.89686,3,0.01,bwr,0,35,0.7
0.89698,4,0.01,bwr,0,35,0.7
0.89632,8,0.01,bwr,0,35,0.7
0.89574,12,0.01,bwr,0,35,0.7
0.89512,20,0.01,bwr,0,35,0.7
0.89434,40,0.01,bwr,0,35,0.7
0.8914,80,0.01,bwr,0,35,0.7
0.8792,200,0.01,bwr,0,35,0.7
0.89623,1,0.012,bwr,0,35,0.7
0.89676,2,0.012,bwr,0,35,0.7
0.89668,3,0.012,bwr,0,35,0.7
0.89629,4,0.012,bwr,0,35,0.7
0.89591,8,0.012,bwr,0,35,0.7
0.89645,12,0.012,bwr,0,35,0.7
0.89464,20,0.012,bwr,0,35,0.7
0.89285,40,0.012,bwr,0,35,0.7
0.88894,80,0.012,bwr,0,35,0.7
0.86955,200,0.012,bwr,0,35,0.7
0.896,1,0.014,bwr,0,35,0.7
0.89712,2,0.014,bwr,0,35,0.7
0.89643,3,0.014,bwr,0,35,0.7
0.897,4,0.014,bwr,0,35,0.7
0.89556,8,0.014,bwr,0,35,0.7
0.89591,12,0.014,bwr,0,35,0.7
0.89461,20,0.014,bwr,0,35,0.7
0.89208,40,0.014,bwr,0,35,0.7
0.88753,80,0.014,bwr,0,35,0.7
0.86112,200,0.014,bwr,0,35,0.7
0.89667,1,0.016,bwr,0,35,0.7
0.89633,2,0.016,bwr,0,35,0.7
0.89694,3,0.016,bwr,0,35,0.7
0.89637,4,0.016,bwr,0,35,0.7
0.89611,8,0.016,bwr,0,35,0.7
0.89522,12,0.016,bwr,0,35,0.7
0.8946,20,0.016,bwr,0,35,0.7
0.8912,40,0.016,bwr,0,35,0.7
0.88619,80,0.016,bwr,0,35,0.7
0.85438,200,0.016,bwr,0,35,0.7
0.89597,1,0.018,bwr,0,35,0.7
0.8965,2,0.018,bwr,0,35,0.7
0.8964,3,0.018,bwr,0,35,0.7
0.89669,4,0.018,bwr,0,35,0.7
0.89575,8,0.018,bwr,0,35,0.7
0.89527,12,0.018,bwr,0,35,0.7
0.89373,20,0.018,bwr,0,35,0.7
0.89112,40,0.018,bwr,0,35,0.7
0.88505,80,0.018,bwr,0,35,0.7
0.84833,200,0.018,bwr,0,35,0.7
0.89591,1,0.02,bwr,0,35,0.7
0.8962,2,0.02,bwr,0,35,0.7
0.89636,3,0.02,bwr,0,35,0.7
0.89623,4,0.02,bwr,0,35,0.7
0.89523,8,0.02,bwr,0,35,0.7
0.89551,12,0.02,bwr,0,35,0.7
0.8942,20,0.02,bwr,0,35,0.7
0.891,40,0.02,bwr,0,35,0.7
0.88438,80,0.02,bwr,0,35,0.7
0.84279,200,0.02,bwr,0,35,0.7
0.89648,1,0.022,bwr,0,35,0.7
0.89648,2,0.022,bwr,0,35,0.7
0.89648,3,0.022,bwr,0,35,0.7
0.89648,4,0.022,bwr,0,35,0.7
0.89551,8,0.022,bwr,0,35,0.7
0.89448,12,0.022,bwr,0,35,0.7
0.89394,20,0.022,bwr,0,35,0.7
0.8905,40,0.022,bwr,0,35,0.7
0.88388,80,0.022,bwr,0,35,0.7
0.83827,200,0.022,bwr,0,35,0.7
0.97315,0,1.00E-11,pwr,0,37,0
0.97472,1,1.00E-11,pwr,0,37,0
0.97871,2,1.00E-11,pwr,0,37,0
0.99043,3,1.00E-11,pwr,0,37,0
1.00466,4,1.00E-11,pwr,0,37,0
1.03419,8,1.00E-11,pwr,0,37,0
1.05151,12,1.00E-11,pwr,0,37,0
1.07586,20,1.00E-11,pwr,0,37,0
1.09957,40,1.00E-11,pwr,0,37,0
1.11658,80,1.00E-11,pwr,0,37,0
1.13757,200,1.00E-11,pwr,0,37,0
0.97315,0,0.002,pwr,0,37,0
0.97344,1,0.002,pwr,0,37,0
0.97469,2,0.002,pwr,0,37,0
0.97572,3,0.002,pwr,0,37,0
0.97889,4,0.002,pwr,0,37,0
0.98876,8,0.002,pwr,0,37,0
0.99787,12,0.002,pwr,0,37,0
1.01144,20,0.002,pwr,0,37,0
1.02876,40,0.002,pwr,0,37,0
1.04037,80,0.002,pwr,0,37,0
1.0574,200,0.002,pwr,0,37,0
0.97315,0,0.004,pwr,0,37,0
0.97334,1,0.004,pwr,0,37,0
0.97366,2,0.004,pwr,0,37,0
0.97448,3,0.004,pwr,0,37,0
0.97499,4,0.004,pwr,0,37,0
0.98013,8,0.004,pwr,0,37,0
0.98547,12,0.004,pwr,0,37,0
0.99388,20,0.004,pwr,0,37,0
1.0062,40,0.004,pwr,0,37,0
1.01632,80,0.004,pwr,0,37,0
1.03071,200,0.004,pwr,0,37,0
0.97315,0,0.006,pwr,0,37,0
0.97291,1,0.006,pwr,0,37,0
0.9732,2,0.006,pwr,0,37,0
0.97365,3,0.006,pwr,0,37,0
0.97475,4,0.006,pwr,0,37,0
0.97643,8,0.006,pwr,0,37,0
0.97942,12,0.006,pwr,0,37,0
0.9851,20,0.006,pwr,0,37,0
0.99424,40,0.006,pwr,0,37,0
1.00276,80,0.006,pwr,0,37,0
1.01611,200,0.006,pwr,0,37,0
0.97315,0,0.008,pwr,0,37,0
0.97321,1,0.008,pwr,0,37,0
0.97388,2,0.008,pwr,0,37,0
0.97408,3,0.008,pwr,0,37,0
0.97371,4,0.008,pwr,0,37,0
0.97558,8,0.008,pwr,0,37,0
0.97689,12,0.008,pwr,0,37,0
0.98064,20,0.008,pwr,0,37,0
0.98781,40,0.008,pwr,0,37,0
0.99428,80,0.008,pwr,0,37,0
1.00636,200,0.008,pwr,0,37,0
0.97315,0,0.01,pwr,0,37,0
0.97342,1,0.01,pwr,0,37,0
0.97328,2,0.01,pwr,0,37,0
0.97392,3,0.01,pwr,0,37,0
0.9743,4,0.01,pwr,0,37,0
0.97502,8,0.01,pwr,0,37,0
0.97579,12,0.01,pwr,0,37,0
0.97798,20,0.01,pwr,0,37,0
0.98257,40,0.01,pwr,0,37,0
0.98767,80,0.01,pwr,0,37,0
0.99874,200,0.01,pwr,0,37,0
0.97315,0,0.012,pwr,0,37,0
0.97299,1,0.012,pwr,0,37,0
0.97346,2,0.012,pwr,0,37,0
0.9734,3,0.012,pwr,0,37,0
0.97344,4,0.012,pwr,0,37,0
0.97448,8,0.012,pwr,0,37,0
0.97478,12,0.012,pwr,0,37,0
0.97599,20,0.012,pwr,0,37,0
0.97949,40,0.012,pwr,0,37,0
0.98379,80,0.012,pwr,0,37,0
0.99234,200,0.012,pwr,0,37,0
0.97315,0,0.014,pwr,0,37,0
0.97315,1,0.014,pwr,0,37,0
0.97297,2,0.014,pwr,0,37,0
0.97313,3,0.014,pwr,0,37,0
0.97341,4,0.014,pwr,0,37,0
0.97382,8,0.014,pwr,0,37,0
0.97395,12,0.014,pwr,0,37,0
0.97562,20,0.014,pwr,0,37,0
0.9773,40,0.014,pwr,0,37,0
0.98084,80,0.014,pwr,0,37,0
0.98735,200,0.014,pwr,0,37,0
0.97315,0,0.016,pwr,0,37,0
0.9726,1,0.016,pwr,0,37,0
0.97352,2,0.016,pwr,0,37,0
0.97324,3,0.016,pwr,0,37,0
0.97314,4,0.016,pwr,0,37,0
0.97322,8,0.016,pwr,0,37,0
0.97371,12,0.016,pwr,0,37,0
0.97438,20,0.016,pwr,0,37,0
0.97557,40,0.016,pwr,0,37,0
0.9781,80,0.016,pwr,0,37,0
0.9829,200,0.016,pwr,0,37,0
0.97315,0,0.018,pwr,0,37,0
0.97268,1,0.018,pwr,0,37,0
0.97286,2,0.018,pwr,0,37,0
0.97333,3,0.018,pwr,0,37,0
0.97283,4,0.018,pwr,0,37,0
0.97341,8,0.018,pwr,0,37,0
0.97354,12,0.018,pwr,0,37,0
0.97332,20,0.018,pwr,0,37,0
0.9746,40,0.018,pwr,0,37,0
0.97586,80,0.018,pwr,0,37,0
0.97917,200,0.018,pwr,0,37,0
0.97315,0,0.02,pwr,0,37,0
0.97343,1,0.02,pwr,0,37,0
0.97297,2,0.02,pwr,0,37,0
0.9732,3,0.02,pwr,0,37,0
0.97272,4,0.02,pwr,0,37,0
0.97337,8,0.02,pwr,0,37,0
0.97301,12,0.02,pwr,0,37,0
0.97368,20,0.02,pwr,0,37,0
0.97363,40,0.02,pwr,0,37,0
0.97361,80,0.02,pwr,0,37,0
0.97623,200,0.02,pwr,0,37,0
0.97315,0,0.022,pwr,0,37,0
0.97353,1,0.022,pwr,0,37,0
0.9736,2,0.022,pwr,0,37,0
0.97234,3,0.022,pwr,0,37,0
0.97352,4,0.022,pwr,0,37,0
0.97282,8,0.022,pwr,0,37,0
0.97281,12,0.022,pwr,0,37,0
0.97325,20,0.022,pwr,0,37,0
0.97306,40,0.022,pwr,0,37,0
0.97273,80,0.022,pwr,0,37,0
0.97315,200,0.022,pwr,0,37,0
0.89624,0,1.00E-11,pwr,500,37,0
0.89813,1,1.00E-11,pwr,500,37,0
0.90006,2,1.00E-11,pwr,500,37,0
0.907,3,1.00E-11,pwr,500,37,0
0.9167,4,1.00E-11,pwr,500,37,0
0.93927,8,1.00E-11,pwr,500,37,0
0.95325,12,1.00E-11,pwr,500,37,0
0.97281,20,1.00E-11,pwr,500,37,0
0.99312,40,1.00E-11,pwr,500,37,0
1.00707,80,1.00E-11,pwr,500,37,0
1.02461,200,1.00E-11,pwr,500,37,0
0.89624,0,0.002,pwr,500,37,0
0.8968,1,0.002,pwr,500,37,0
0.89783,2,0.002,pwr,500,37,0
0.89856,3,0.002,pwr,500,37,0
0.90105,4,0.002,pwr,500,37,0
0.90842,8,0.002,pwr,500,37,0
0.91635,12,0.002,pwr,500,37,0
0.92689,20,0.002,pwr,500,37,0
0.94118,40,0.002,pwr,500,37,0
0.9514,80,0.002,pwr,500,37,0
0.96555,200,0.002,pwr,500,37,0
0.89624,0,0.004,pwr,500,37,0
0.89652,1,0.004,pwr,500,37,0
0.89763,2,0.004,pwr,500,37,0
0.89749,3,0.004,pwr,500,37,0
0.8986,4,0.004,pwr,500,37,0
0.90187,8,0.004,pwr,500,37,0
0.90617,12,0.004,pwr,500,37,0
0.9132,20,0.004,pwr,500,37,0
0.92453,40,0.004,pwr,500,37,0
0.93205,80,0.004,pwr,500,37,0
0.94563,200,0.004,pwr,500,37,0
0.89624,0,0.006,pwr,500,37,0
0.89711,1,0.006,pwr,500,37,0
0.89696,2,0.006,pwr,500,37,0
0.89707,3,0.006,pwr,500,37,0
0.89827,4,0.006,pwr,500,37,0
0.89919,8,0.006,pwr,500,37,0
0.90196,12,0.006,pwr,500,37,0
0.90618,20,0.006,pwr,500,37,0
0.91462,40,0.006,pwr,500,37,0
0.92194,80,0.006,pwr,500,37,0
0.93306,200,0.006,pwr,500,37,0
0.89624,0,0.008,pwr,500,37,0
0.89632,1,0.008,pwr,500,37,0
0.89703,2,0.008,pwr,500,37,0
0.89665,3,0.008,pwr,500,37,0
0.89762,4,0.008,pwr,500,37,0
0.89846,8,0.008,pwr,500,37,0
0.89973,12,0.008,pwr,500,37,0
0.9022,20,0.008,pwr,500,37,0
0.90918,40,0.008,pwr,500,37,0
0.91483,80,0.008,pwr,500,37,0
0.92542,200,0.008,pwr,500,37,0
0.89624,0,0.01,pwr,500,37,0
0.89711,1,0.01,pwr,500,37,0
0.89683,2,0.01,pwr,500,37,0
0.89698,3,0.01,pwr,500,37,0
0.89761,4,0.01,pwr,500,37,0
0.89811,8,0.01,pwr,500,37,0
0.89937,12,0.01,pwr,500,37,0
0.90059,20,0.01,pwr,500,37,0
0.9048,40,0.01,pwr,500,37,0
0.90984,80,0.01,pwr,500,37,0
0.91882,200,0.01,pwr,500,37,0
0.89624,0,0.012,pwr,500,37,0
0.89692,1,0.012,pwr,500,37,0
0.89669,2,0.012,pwr,500,37,0
0.89696,3,0.012,pwr,500,37,0
0.89714,4,0.012,pwr,500,37,0
0.89785,8,0.012,pwr,500,37,0
0.89788,12,0.012,pwr,500,37,0
0.8995,20,0.012,pwr,500,37,0
0.90259,40,0.012,pwr,500,37,0
0.90588,80,0.012,pwr,500,37,0
0.91318,200,0.012,pwr,500,37,0
0.89624,0,0.014,pwr,500,37,0
0.89702,1,0.014,pwr,500,37,0
0.89655,2,0.014,pwr,500,37,0
0.89717,3,0.014,pwr,500,37,0
0.89695,4,0.014,pwr,500,37,0
0.89731,8,0.014,pwr,500,37,0
0.89773,12,0.014,pwr,500,37,0
0.89858,20,0.014,pwr,500,37,0
0.89983,40,0.014,pwr,500,37,0
0.90278,80,0.014,pwr,500,37,0
0.90835,200,0.014,pwr,500,37,0
0.89624,0,0.016,pwr,500,37,0
0.89675,1,0.016,pwr,500,37,0
0.89679,2,0.016,pwr,500,37,0
0.89711,3,0.016,pwr,500,37,0
0.89653,4,0.016,pwr,500,37,0
0.89699,8,0.016,pwr,500,37,0
0.89701,12,0.016,pwr,500,37,0
0.89758,20,0.016,pwr,500,37,0
0.89845,40,0.016,pwr,500,37,0
0.90079,80,0.016,pwr,500,37,0
0.90573,200,0.016,pwr,500,37,0
0.89624,0,0.018,pwr,500,37,0
0.89696,1,0.018,pwr,500,37,0
0.89671,2,0.018,pwr,500,37,0
0.89666,3,0.018,pwr,500,37,0
0.89624,4,0.018,pwr,500,37,0
0.89684,8,0.018,pwr,500,37,0
0.89663,12,0.018,pwr,500,37,0
0.89703,20,0.018,pwr,500,37,0
0.8974,40,0.018,pwr,500,37,0
0.89857,80,0.018,pwr,500,37,0
0.90236,200,0.018,pwr,500,37,0
0.89624,0,0.02,pwr,500,37,0
0.89695,1,0.02,pwr,500,37,0
0.89625,2,0.02,pwr,500,37,0
0.89663,3,0.02,pwr,500,37,0
0.89647,4,0.02,pwr,500,37,0
0.89669,8,0.02,pwr,500,37,0
0.89688,12,0.02,pwr,500,37,0
0.89658,20,0.02,pwr,500,37,0
0.89825,40,0.02,pwr,500,37,0
0.89778,80,0.02,pwr,500,37,0
0.89924,200,0.02,pwr,500,37,0
0.89624,0,0.022,pwr,500,37,0
0.89683,1,0.022,pwr,500,37,0
0.89678,2,0.022,pwr,500,37,0
0.89673,3,0.022,pwr,500,37,0
0.89648,4,0.022,pwr,500,37,0
0.89655,8,0.022,pwr,500,37,0
0.89641,12,0.022,pwr,500,37,0
0.89689,20,0.022,pwr,500,37,0
0.89664,40,0.022,pwr,500,37,0
0.89629,80,0.022,pwr,500,37,0
0.89624,200,0.022,pwr,500,37,0
0.83524,0,1.00E-11,pwr,1000,37,0
0.83659,1,1.00E-11,pwr,1000,37,0
0.83805,2,1.00E-11,pwr,1000,37,0
0.84215,3,1.00E-11,pwr,1000,37,0
0.84953,4,1.00E-11,pwr,1000,37,0
0.86701,8,1.00E-11,pwr,1000,37,0
0.87832,12,1.00E-11,pwr,1000,37,0
0.89473,20,1.00E-11,pwr,1000,37,0
0.91168,40,1.00E-11,pwr,1000,37,0
0.92429,80,1.00E-11,pwr,1000,37,0
0.94028,200,1.00E-11,pwr,1000,37,0
0.83524,0,0.002,pwr,1000,37,0
0.8362,1,0.002,pwr,1000,37,0
0.83619,2,0.002,pwr,1000,37,0
0.83696,3,0.002,pwr,1000,37,0
0.8384,4,0.002,pwr,1000,37,0
0.84491,8,0.002,pwr,1000,37,0
0.85038,12,0.002,pwr,1000,37,0
0.86027,20,0.002,pwr,1000,37,0
0.87193,40,0.002,pwr,1000,37,0
0.88158,80,0.002,pwr,1000,37,0
0.89486,200,0.002,pwr,1000,37,0
0.83524,0,0.004,pwr,1000,37,0
0.83526,1,0.004,pwr,1000,37,0
0.83664,2,0.004,pwr,1000,37,0
0.83652,3,0.004,pwr,1000,37,0
0.83725,4,0.004,pwr,1000,37,0
0.83993,8,0.004,pwr,1000,37,0
0.8429,12,0.004,pwr,1000,37,0
0.84986,20,0.004,pwr,1000,37,0
0.85905,40,0.004,pwr,1000,37,0
0.8661,80,0.004,pwr,1000,37,0
0.87782,200,0.004,pwr,1000,37,0
0.83524,0,0.006,pwr,1000,37,0
0.83538,1,0.006,pwr,1000,37,0
0.83597,2,0.006,pwr,1000,37,0
0.83539,3,0.006,pwr,1000,37,0
0.83672,4,0.006,pwr,1000,37,0
0.83831,8,0.006,pwr,1000,37,0
0.83997,12,0.006,pwr,1000,37,0
0.84348,20,0.006,pwr,1000,37,0
0.85039,40,0.006,pwr,1000,37,0
0.85759,80,0.006,pwr,1000,37,0
0.86751,200,0.006,pwr,1000,37,0
0.83524,0,0.008,pwr,1000,37,0
0.83527,1,0.008,pwr,1000,37,0
0.83584,2,0.008,pwr,1000,37,0
0.8357,3,0.008,pwr,1000,37,0
0.83616,4,0.008,pwr,1000,37,0
0.83663,8,0.008,pwr,1000,37,0
0.83791,12,0.008,pwr,1000,37,0
0.84066,20,0.008,pwr,1000,37,0
0.84545,40,0.008,pwr,1000,37,0
0.85172,80,0.008,pwr,1000,37,0
0.86022,200,0.008,pwr,1000,37,0
0.83524,0,0.01,pwr,1000,37,0
0.83557,1,0.01,pwr,1000,37,0
0.83572,2,0.01,pwr,1000,37,0
0.83536,3,0.01,pwr,1000,37,0
0.83648,4,0.01,pwr,1000,37,0
0.83683,8,0.01,pwr,1000,37,0
0.83727,12,0.01,pwr,1000,37,0
0.83818,20,0.01,pwr,1000,37,0
0.84252,40,0.01,pwr,1000,37,0
0.84726,80,0.01,pwr,1000,37,0
0.855,200,0.01,pwr,1000,37,0
0.83524,0,0.012,pwr,1000,37,0
0.8358,1,0.012,pwr,1000,37,0
0.83532,2,0.012,pwr,1000,37,0
0.83587,3,0.012,pwr,1000,37,0
0.8361,4,0.012,pwr,1000,37,0
0.83629,8,0.012,pwr,1000,37,0
0.83664,12,0.012,pwr,1000,37,0
0.83775,20,0.012,pwr,1000,37,0
0.84032,40,0.012,pwr,1000,37,0
0.84361,80,0.012,pwr,1000,37,0
0.85016,200,0.012,pwr,1000,37,0
0.83524,0,0.014,pwr,1000,37,0
0.83566,1,0.014,pwr,1000,37,0
0.83606,2,0.014,pwr,1000,37,0
0.83596,3,0.014,pwr,1000,37,0
0.83529,4,0.014,pwr,1000,37,0
0.8359,8,0.014,pwr,1000,37,0
0.83633,12,0.014,pwr,1000,37,0
0.8374,20,0.014,pwr,1000,37,0
0.83824,40,0.014,pwr,1000,37,0
0.84135,80,0.014,pwr,1000,37,0
0.84613,200,0.014,pwr,1000,37,0
0.83524,0,0.016,pwr,1000,37,0
0.83575,1,0.016,pwr,1000,37,0
0.83529,2,0.016,pwr,1000,37,0
0.83495,3,0.016,pwr,1000,37,0
0.83528,4,0.016,pwr,1000,37,0
0.83613,8,0.016,pwr,1000,37,0
0.83629,12,0.016,pwr,1000,37,0
0.83672,20,0.016,pwr,1000,37,0
0.83722,40,0.016,pwr,1000,37,0
0.83952,80,0.016,pwr,1000,37,0
0.84325,200,0.016,pwr,1000,37,0
0.83524,0,0.018,pwr,1000,37,0
0.8352,1,0.018,pwr,1000,37,0
0.83439,2,0.018,pwr,1000,37,0
0.83604,3,0.018,pwr,1000,37,0
0.83497,4,0.018,pwr,1000,37,0
0.83557,8,0.018,pwr,1000,37,0
0.83591,12,0.018,pwr,1000,37,0
0.83637,20,0.018,pwr,1000,37,0
0.83657,40,0.018,pwr,1000,37,0
0.83757,80,0.018,pwr,1000,37,0
0.83989,200,0.018,pwr,1000,37,0
0.83524,0,0.02,pwr,1000,37,0
0.83527,1,0.02,pwr,1000,37,0
0.83528,2,0.02,pwr,1000,37,0
0.8354,3,0.02,pwr,1000,37,0
0.83545,4,0.02,pwr,1000,37,0
0.83571,8,0.02,pwr,1000,37,0
0.83568,12,0.02,pwr,1000,37,0
0.83597,20,0.02,pwr,1000,37,0
0.8359,40,0.02,pwr,1000,37,0
0.83663,80,0.02,pwr,1000,37,0
0.83725,200,0.02,pwr,1000,37,0
0.83524,0,0.022,pwr,1000,37,0
0.83575,1,0.022,pwr,1000,37,0
0.83551,2,0.022,pwr,1000,37,0
0.83531,3,0.022,pwr,1000,37,0
0.83575,4,0.022,pwr,1000,37,0
0.83536,8,0.022,pwr,1000,37,0
0.83572,12,0.022,pwr,1000,37,0
0.8356,20,0.022,pwr,1000,37,0
0.83575,40,0.022,pwr,1000,37,0
0.83529,80,0.022,pwr,1000,37,0
0.83524,200,0.022,pwr,1000,37,0
0.78436,0,1.00E-11,pwr,1500,37,0
0.78495,1,1.00E-11,pwr,1500,37,0
0.78602,2,1.00E-11,pwr,1500,37,0
0.78929,3,1.00E-11,pwr,1500,37,0
0.79498,4,1.00E-11,pwr,1500,37,0
0.80903,8,1.00E-11,pwr,1500,37,0
0.819,12,1.00E-11,pwr,1500,37,0
0.83302,20,1.00E-11,pwr,1500,37,0
0.84724,40,1.00E-11,pwr,1500,37,0
0.85871,80,1.00E-11,pwr,1500,37,0
0.87267,200,1.00E-11,pwr,1500,37,0
0.78436,0,0.002,pwr,1500,37,0
0.78477,1,0.002,pwr,1500,37,0
0.78488,2,0.002,pwr,1500,37,0
0.78573,3,0.002,pwr,1500,37,0
0.7871,4,0.002,pwr,1500,37,0
0.79206,8,0.002,pwr,1500,37,0
0.79773,12,0.002,pwr,1500,37,0
0.80563,20,0.002,pwr,1500,37,0
0.81705,40,0.002,pwr,1500,37,0
0.82494,80,0.002,pwr,1500,37,0
0.83695,200,0.002,pwr,1500,37,0
0.78436,0,0.004,pwr,1500,37,0
0.78508,1,0.004,pwr,1500,37,0
0.78495,2,0.004,pwr,1500,37,0
0.78535,3,0.004,pwr,1500,37,0
0.78553,4,0.004,pwr,1500,37,0
0.78843,8,0.004,pwr,1500,37,0
0.79144,12,0.004,pwr,1500,37,0
0.79652,20,0.004,pwr,1500,37,0
0.80472,40,0.004,pwr,1500,37,0
0.81193,80,0.004,pwr,1500,37,0
0.82285,200,0.004,pwr,1500,37,0
0.78436,0,0.006,pwr,1500,37,0
0.78447,1,0.006,pwr,1500,37,0
0.785,2,0.006,pwr,1500,37,0
0.78491,3,0.006,pwr,1500,37,0
0.78533,4,0.006,pwr,1500,37,0
0.78697,8,0.006,pwr,1500,37,0
0.7878,12,0.006,pwr,1500,37,0
0.79068,20,0.006,pwr,1500,37,0
0.79759,40,0.006,pwr,1500,37,0
0.80368,80,0.006,pwr,1500,37,0
0.81322,200,0.006,pwr,1500,37,0
0.78436,0,0.008,pwr,1500,37,0
0.78519,1,0.008,pwr,1500,37,0
0.78475,2,0.008,pwr,1500,37,0
0.78509,3,0.008,pwr,1500,37,0
0.78532,4,0.008,pwr,1500,37,0
0.78618,8,0.008,pwr,1500,37,0
0.7866,12,0.008,pwr,1500,37,0
0.78901,20,0.008,pwr,1500,37,0
0.79348,40,0.008,pwr,1500,37,0
0.7985,80,0.008,pwr,1500,37,0
0.80704,200,0.008,pwr,1500,37,0
0.78436,0,0.01,pwr,1500,37,0
0.78448,1,0.01,pwr,1500,37,0
0.78482,2,0.01,pwr,1500,37,0
0.78539,3,0.01,pwr,1500,37,0
0.78522,4,0.01,pwr,1500,37,0
0.78502,8,0.01,pwr,1500,37,0
0.786,12,0.01,pwr,1500,37,0
0.78734,20,0.01,pwr,1500,37,0
0.79107,40,0.01,pwr,1500,37,0
0.79464,80,0.01,pwr,1500,37,0
0.80205,200,0.01,pwr,1500,37,0
0.78436,0,0.012,pwr,1500,37,0
0.78428,1,0.012,pwr,1500,37,0
0.78428,2,0.012,pwr,1500,37,0
0.7845,3,0.012,pwr,1500,37,0
0.78492,4,0.012,pwr,1500,37,0
0.78515,8,0.012,pwr,1500,37,0
0.78565,12,0.012,pwr,1500,37,0
0.78662,20,0.012,pwr,1500,37,0
0.78829,40,0.012,pwr,1500,37,0
0.79183,80,0.012,pwr,1500,37,0
0.79823,200,0.012,pwr,1500,37,0
0.78436,0,0.014,pwr,1500,37,0
0.78437,1,0.014,pwr,1500,37,0
0.78462,2,0.014,pwr,1500,37,0
0.78495,3,0.014,pwr,1500,37,0
0.78493,4,0.014,pwr,1500,37,0
0.78478,8,0.014,pwr,1500,37,0
0.78513,12,0.014,pwr,1500,37,0
0.78536,20,0.014,pwr,1500,37,0
0.78768,40,0.014,pwr,1500,37,0
0.78992,80,0.014,pwr,1500,37,0
0.7945,200,0.014,pwr,1500,37,0
0.78436,0,0.016,pwr,1500,37,0
0.78449,1,0.016,pwr,1500,37,0
0.78472,2,0.016,pwr,1500,37,0
0.78388,3,0.016,pwr,1500,37,0
0.78447,4,0.016,pwr,1500,37,0
0.78516,8,0.016,pwr,1500,37,0
0.78479,12,0.016,pwr,1500,37,0
0.78593,20,0.016,pwr,1500,37,0
0.78653,40,0.016,pwr,1500,37,0
0.78783,80,0.016,pwr,1500,37,0
0.7921,200,0.016,pwr,1500,37,0
0.78436,0,0.018,pwr,1500,37,0
0.78419,1,0.018,pwr,1500,37,0
0.78499,2,0.018,pwr,1500,37,0
0.78441,3,0.018,pwr,1500,37,0
0.78444,4,0.018,pwr,1500,37,0
0.78465,8,0.018,pwr,1500,37,0
0.78453,12,0.018,pwr,1500,37,0
0.78478,20,0.018,pwr,1500,37,0
0.78562,40,0.018,pwr,1500,37,0
0.78634,80,0.018,pwr,1500,37,0
0.78888,200,0.018,pwr,1500,37,0
0.78436,0,0.02,pwr,1500,37,0
0.78414,1,0.02,pwr,1500,37,0
0.78395,2,0.02,pwr,1500,37,0
0.78449,3,0.02,pwr,1500,37,0
0.7844,4,0.02,pwr,1500,37,0
0.78448,8,0.02,pwr,1500,37,0
0.78465,12,0.02,pwr,1500,37,0
0.78509,20,0.02,pwr,1500,37,0
0.78487,40,0.02,pwr,1500,37,0
0.78515,80,0.02,pwr,1500,37,0
0.78668,200,0.02,pwr,1500,37,0
0.78436,0,0.022,pwr,1500,37,0
0.78424,1,0.022,pwr,1500,37,0
0.78435,2,0.022,pwr,1500,37,0
0.7845,3,0.022,pwr,1500,37,0
0.7846,4,0.022,pwr,1500,37,0
0.78455,8,0.022,pwr,1500,37,0
0.78451,12,0.022,pwr,1500,37,0
0.78493,20,0.022,pwr,1500,37,0
0.78485,40,0.022,pwr,1500,37,0
0.78458,80,0.022,pwr,1500,37,0
0.78436,200,0.022,pwr,1500,37,0
0.74147,0,1.00E-11,pwr,2000,37,0
0.74143,1,1.00E-11,pwr,2000,37,0
0.7426,2,1.00E-11,pwr,2000,37,0
0.74542,3,1.00E-11,pwr,2000,37,0
0.74921,4,1.00E-11,pwr,2000,37,0
0.76074,8,1.00E-11,pwr,2000,37,0
0.7691,12,1.00E-11,pwr,2000,37,0
0.78075,20,1.00E-11,pwr,2000,37,0
0.79513,40,1.00E-11,pwr,2000,37,0
0.80434,80,1.00E-11,pwr,2000,37,0
0.81751,200,1.00E-11,pwr,2000,37,0
0.74147,0,0.002,pwr,2000,37,0
0.74166,1,0.002,pwr,2000,37,0
0.74163,2,0.002,pwr,2000,37,0
0.74224,3,0.002,pwr,2000,37,0
0.74292,4,0.002,pwr,2000,37,0
0.7474,8,0.002,pwr,2000,37,0
0.75221,12,0.002,pwr,2000,37,0
0.75914,20,0.002,pwr,2000,37,0
0.76931,40,0.002,pwr,2000,37,0
0.77693,80,0.002,pwr,2000,37,0
0.78828,200,0.002,pwr,2000,37,0
0.74147,0,0.004,pwr,2000,37,0
0.74146,1,0.004,pwr,2000,37,0
0.74181,2,0.004,pwr,2000,37,0
0.74195,3,0.004,pwr,2000,37,0
0.74296,4,0.004,pwr,2000,37,0
0.74422,8,0.004,pwr,2000,37,0
0.7474,12,0.004,pwr,2000,37,0
0.75247,20,0.004,pwr,2000,37,0
0.7581,40,0.004,pwr,2000,37,0
0.76514,80,0.004,pwr,2000,37,0
0.77525,200,0.004,pwr,2000,37,0
0.74147,0,0.006,pwr,2000,37,0
0.74103,1,0.006,pwr,2000,37,0
0.74121,2,0.006,pwr,2000,37,0
0.74161,3,0.006,pwr,2000,37,0
0.74156,4,0.006,pwr,2000,37,0
0.74321,8,0.006,pwr,2000,37,0
0.74466,12,0.006,pwr,2000,37,0
0.7482,20,0.006,pwr,2000,37,0
0.7532,40,0.006,pwr,2000,37,0
0.75924,80,0.006,pwr,2000,37,0
0.76744,200,0.006,pwr,2000,37,0
0.74147,0,0.008,pwr,2000,37,0
0.74084,1,0.008,pwr,2000,37,0
0.74162,2,0.008,pwr,2000,37,0
0.74173,3,0.008,pwr,2000,37,0
0.74197,4,0.008,pwr,2000,37,0
0.74199,8,0.008,pwr,2000,37,0
0.74369,12,0.008,pwr,2000,37,0
0.74531,20,0.008,pwr,2000,37,0
0.74942,40,0.008,pwr,2000,37,0
0.75384,80,0.008,pwr,2000,37,0
0.76192,200,0.008,pwr,2000,37,0
0.74147,0,0.01,pwr,2000,37,0
0.74099,1,0.01,pwr,2000,37,0
0.74089,2,0.01,pwr,2000,37,0
0.74139,3,0.01,pwr,2000,37,0
0.74128,4,0.01,pwr,2000,37,0
0.74177,8,0.01,pwr,2000,37,0
0.74278,12,0.01,pwr,2000,37,0
0.74442,20,0.01,pwr,2000,37,0
0.74727,40,0.01,pwr,2000,37,0
0.75055,80,0.01,pwr,2000,37,0
0.75769,200,0.01,pwr,2000,37,0
0.74147,0,0.012,pwr,2000,37,0
0.74102,1,0.012,pwr,2000,37,0
0.74097,2,0.012,pwr,2000,37,0
0.74145,3,0.012,pwr,2000,37,0
0.74171,4,0.012,pwr,2000,37,0
0.74182,8,0.012,pwr,2000,37,0
0.74241,12,0.012,pwr,2000,37,0
0.74311,20,0.012,pwr,2000,37,0
0.74542,40,0.012,pwr,2000,37,0
0.74826,80,0.012,pwr,2000,37,0
0.75356,200,0.012,pwr,2000,37,0
0.74147,0,0.014,pwr,2000,37,0
0.74086,1,0.014,pwr,2000,37,0
0.74134,2,0.014,pwr,2000,37,0
0.74185,3,0.014,pwr,2000,37,0
0.741,4,0.014,pwr,2000,37,0
0.74187,8,0.014,pwr,2000,37,0
0.7411,12,0.014,pwr,2000,37,0
0.74172,20,0.014,pwr,2000,37,0
0.74419,40,0.014,pwr,2000,37,0
0.74576,80,0.014,pwr,2000,37,0
0.74992,200,0.014,pwr,2000,37,0
0.74147,0,0.016,pwr,2000,37,0
0.74122,1,0.016,pwr,2000,37,0
0.74155,2,0.016,pwr,2000,37,0
0.74144,3,0.016,pwr,2000,37,0
0.74097,4,0.016,pwr,2000,37,0
0.74154,8,0.016,pwr,2000,37,0
0.74176,12,0.016,pwr,2000,37,0
0.74231,20,0.016,pwr,2000,37,0
0.74222,40,0.016,pwr,2000,37,0
0.74465,80,0.016,pwr,2000,37,0
0.74783,200,0.016,pwr,2000,37,0
0.74147,0,0.018,pwr,2000,37,0
0.74117,1,0.018,pwr,2000,37,0
0.74127,2,0.018,pwr,2000,37,0
0.74082,3,0.018,pwr,2000,37,0
0.74124,4,0.018,pwr,2000,37,0
0.74109,8,0.018,pwr,2000,37,0
0.74191,12,0.018,pwr,2000,37,0
0.74124,20,0.018,pwr,2000,37,0
0.74255,40,0.018,pwr,2000,37,0
0.74309,80,0.018,pwr,2000,37,0
0.74508,200,0.018,pwr,2000,37,0
0.74147,0,0.02,pwr,2000,37,0
0.74103,1,0.02,pwr,2000,37,0
0.74148,2,0.02,pwr,2000,37,0
0.74127,3,0.02,pwr,2000,37,0
0.74148,4,0.02,pwr,2000,37,0
0.74089,8,0.02,pwr,2000,37,0
0.74154,12,0.02,pwr,2000,37,0
0.74135,20,0.02,pwr,2000,37,0
0.74124,40,0.02,pwr,2000,37,0
0.74201,80,0.02,pwr,2000,37,0
0.74345,200,0.02,pwr,2000,37,0
0.74147,0,0.022,pwr,2000,37,0
0.74107,1,0.022,pwr,2000,37,0
0.74123,2,0.022,pwr,2000,37,0
0.741,3,0.022,pwr,2000,37,0
0.74155,4,0.022,pwr,2000,37,0
0.74146,8,0.022,pwr,2000,37,0
0.74068,12,0.022,pwr,2000,37,0
0.74156,20,0.022,pwr,2000,37,0
0.74102,40,0.022,pwr,2000,37,0
0.74115,80,0.022,pwr,2000,37,0
0.74147,200,0.022,pwr,2000,37,0
0.70386,0,1.00E-11,pwr,2500,37,0
0.70463,1,1.00E-11,pwr,2500,37,0
0.70542,2,1.00E-11,pwr,2500,37,0
0.70671,3,1.00E-11,pwr,2500,37,0
0.70924,4,1.00E-11,pwr,2500,37,0
0.71921,8,1.00E-11,pwr,2500,37,0
0.72721,12,1.00E-11,pwr,2500,37,0
0.73719,20,1.00E-11,pwr,2500,37,0
0.74945,40,1.00E-11,pwr,2500,37,0
0.75883,80,1.00E-11,pwr,2500,37,0
0.77103,200,1.00E-11,pwr,2500,37,0
0.70386,0,0.002,pwr,2500,37,0
0.70418,1,0.002,pwr,2500,37,0
0.70458,2,0.002,pwr,2500,37,0
0.70434,3,0.002,pwr,2500,37,0
0.70562,4,0.002,pwr,2500,37,0
0.70954,8,0.002,pwr,2500,37,0
0.71329,12,0.002,pwr,2500,37,0
0.71876,20,0.002,pwr,2500,37,0
0.72811,40,0.002,pwr,2500,37,0
0.7356,80,0.002,pwr,2500,37,0
0.74603,200,0.002,pwr,2500,37,0
0.70386,0,0.004,pwr,2500,37,0
0.70397,1,0.004,pwr,2500,37,0
0.70424,2,0.004,pwr,2500,37,0
0.7044,3,0.004,pwr,2500,37,0
0.70529,4,0.004,pwr,2500,37,0
0.70646,8,0.004,pwr,2500,37,0
0.70899,12,0.004,pwr,2500,37,0
0.71336,20,0.004,pwr,2500,37,0
0.71986,40,0.004,pwr,2500,37,0
0.72587,80,0.004,pwr,2500,37,0
0.73526,200,0.004,pwr,2500,37,0
0.70386,0,0.006,pwr,2500,37,0
0.70414,1,0.006,pwr,2500,37,0
0.70449,2,0.006,pwr,2500,37,0
0.70476,3,0.006,pwr,2500,37,0
0.70495,4,0.006,pwr,2500,37,0
0.70547,8,0.006,pwr,2500,37,0
0.70738,12,0.006,pwr,2500,37,0
0.70967,20,0.006,pwr,2500,37,0
0.71419,40,0.006,pwr,2500,37,0
0.72001,80,0.006,pwr,2500,37,0
0.72869,200,0.006,pwr,2500,37,0
0.70386,0,0.008,pwr,2500,37,0
0.70373,1,0.008,pwr,2500,37,0
0.70451,2,0.008,pwr,2500,37,0
0.7044,3,0.008,pwr,2500,37,0
0.70385,4,0.008,pwr,2500,37,0
0.70505,8,0.008,pwr,2500,37,0
0.70598,12,0.008,pwr,2500,37,0
0.70708,20,0.008,pwr,2500,37,0
0.71159,40,0.008,pwr,2500,37,0
0.71558,80,0.008,pwr,2500,37,0
0.72305,200,0.008,pwr,2500,37,0
0.70386,0,0.01,pwr,2500,37,0
0.70378,1,0.01,pwr,2500,37,0
0.70428,2,0.01,pwr,2500,37,0
0.70434,3,0.01,pwr,2500,37,0
0.70376,4,0.01,pwr,2500,37,0
0.70465,8,0.01,pwr,2500,37,0
0.70566,12,0.01,pwr,2500,37,0
0.70632,20,0.01,pwr,2500,37,0
0.70926,40,0.01,pwr,2500,37,0
0.71298,80,0.01,pwr,2500,37,0
0.71944,200,0.01,pwr,2500,37,0
0.70386,0,0.012,pwr,2500,37,0
0.70426,1,0.012,pwr,2500,37,0
0.70344,2,0.012,pwr,2500,37,0
0.70472,3,0.012,pwr,2500,37,0
0.70453,4,0.012,pwr,2500,37,0
0.70426,8,0.012,pwr,2500,37,0
0.70456,12,0.012,pwr,2500,37,0
0.70547,20,0.012,pwr,2500,37,0
0.70747,40,0.012,pwr,2500,37,0
0.71023,80,0.012,pwr,2500,37,0
0.71547,200,0.012,pwr,2500,37,0
0.70386,0,0.014,pwr,2500,37,0
0.70407,1,0.014,pwr,2500,37,0
0.70368,2,0.014,pwr,2500,37,0
0.70404,3,0.014,pwr,2500,37,0
0.70364,4,0.014,pwr,2500,37,0
0.70452,8,0.014,pwr,2500,37,0
0.70423,12,0.014,pwr,2500,37,0
0.70486,20,0.014,pwr,2500,37,0
0.70527,40,0.014,pwr,2500,37,0
0.70849,80,0.014,pwr,2500,37,0
0.71186,200,0.014,pwr,2500,37,0
0.70386,0,0.016,pwr,2500,37,0
0.70372,1,0.016,pwr,2500,37,0
0.70383,2,0.016,pwr,2500,37,0
0.70379,3,0.016,pwr,2500,37,0
0.70408,4,0.016,pwr,2500,37,0
0.70401,8,0.016,pwr,2500,37,0
0.70398,12,0.016,pwr,2500,37,0
0.7048,20,0.016,pwr,2500,37,0
0.70517,40,0.016,pwr,2500,37,0
0.70727,80,0.016,pwr,2500,37,0
0.71012,200,0.016,pwr,2500,37,0
0.70386,0,0.018,pwr,2500,37,0
0.70339,1,0.018,pwr,2500,37,0
0.70369,2,0.018,pwr,2500,37,0
0.7037,3,0.018,pwr,2500,37,0
0.70365,4,0.018,pwr,2500,37,0
0.70423,8,0.018,pwr,2500,37,0
0.70402,12,0.018,pwr,2500,37,0
0.70412,20,0.018,pwr,2500,37,0
0.705,40,0.018,pwr,2500,37,0
0.7054,80,0.018,pwr,2500,37,0
0.70774,200,0.018,pwr,2500,37,0
0.70386,0,0.02,pwr,2500,37,0
0.70374,1,0.02,pwr,2500,37,0
0.70403,2,0.02,pwr,2500,37,0
0.70375,3,0.02,pwr,2500,37,0
0.70417,4,0.02,pwr,2500,37,0
0.7041,8,0.02,pwr,2500,37,0
0.7035,12,0.02,pwr,2500,37,0
0.70466,20,0.02,pwr,2500,37,0
0.70469,40,0.02,pwr,2500,37,0
0.70471,80,0.02,pwr,2500,37,0
0.70617,200,0.02,pwr,2500,37,0
0.70386,0,0.022,pwr,2500,37,0
0.70343,1,0.022,pwr,2500,37,0
0.70395,2,0.022,pwr,2500,37,0
0.7037,3,0.022,pwr,2500,37,0
0.70436,4,0.022,pwr,2500,37,0
0.70371,8,0.022,pwr,2500,37,0
0.70404,12,0.022,pwr,2500,37,0
0.70334,20,0.022,pwr,2500,37,0
0.70371,40,0.022,pwr,2500,37,0
0.70389,80,0.022,pwr,2500,37,0
0.70386,200,0.022,pwr,2500,37,0
0.97448,1,1.00E-11,pwr,0,41,0
0.97762,2,1.00E-11,pwr,0,41,0
0.98773,3,1.00E-11,pwr,0,41,0
1.00111,4,1.00E-11,pwr,0,41,0
1.02923,8,1.00E-11,pwr,0,41,0
1.04615,12,1.00E-11,pwr,0,41,0
1.07019,20,1.00E-11,pwr,0,41,0
1.09388,40,1.00E-11,pwr,0,41,0
1.11044,80,1.00E-11,pwr,0,41,0
1.13053,200,1.00E-11,pwr,0,41,0
0.97277,1,0.002,pwr,0,41,0
0.974,2,0.002,pwr,0,41,0
0.97569,3,0.002,pwr,0,41,0
0.97713,4,0.002,pwr,0,41,0
0.98663,8,0.002,pwr,0,41,0
0.99434,12,0.002,pwr,0,41,0
1.00738,20,0.002,pwr,0,41,0
1.02184,40,0.002,pwr,0,41,0
1.03488,80,0.002,pwr,0,41,0
1.05061,200,0.002,pwr,0,41,0
0.97351,1,0.004,pwr,0,41,0
0.97385,2,0.004,pwr,0,41,0
0.97419,3,0.004,pwr,0,41,0
0.97559,4,0.004,pwr,0,41,0
0.97805,8,0.004,pwr,0,41,0
0.98254,12,0.004,pwr,0,41,0
0.99006,20,0.004,pwr,0,41,0
1.00128,40,0.004,pwr,0,41,0
1.01102,80,0.004,pwr,0,41,0
1.02516,200,0.004,pwr,0,41,0
0.9734,1,0.006,pwr,0,41,0
0.97327,2,0.006,pwr,0,41,0
0.97387,3,0.006,pwr,0,41,0
0.97468,4,0.006,pwr,0,41,0
0.97553,8,0.006,pwr,0,41,0
0.97807,12,0.006,pwr,0,41,0
0.98284,20,0.006,pwr,0,41,0
0.98988,40,0.006,pwr,0,41,0
0.99741,80,0.006,pwr,0,41,0
1.01007,200,0.006,pwr,0,41,0
0.97331,1,0.008,pwr,0,41,0
0.97317,2,0.008,pwr,0,41,0
0.9737,3,0.008,pwr,0,41,0
0.97336,4,0.008,pwr,0,41,0
0.97453,8,0.008,pwr,0,41,0
0.97584,12,0.008,pwr,0,41,0
0.97838,20,0.008,pwr,0,41,0
0.98391,40,0.008,pwr,0,41,0
0.98944,80,0.008,pwr,0,41,0
1.00032,200,0.008,pwr,0,41,0
0.97366,1,0.01,pwr,0,41,0
0.97347,2,0.01,pwr,0,41,0
0.97288,3,0.01,pwr,0,41,0
0.97392,4,0.01,pwr,0,41,0
0.9742,8,0.01,pwr,0,41,0
0.97464,12,0.01,pwr,0,41,0
0.97615,20,0.01,pwr,0,41,0
0.97962,40,0.01,pwr,0,41,0
0.98402,80,0.01,pwr,0,41,0
0.99319,200,0.01,pwr,0,41,0
0.97324,1,0.012,pwr,0,41,0
0.97283,2,0.012,pwr,0,41,0
0.97284,3,0.012,pwr,0,41,0
0.97323,4,0.012,pwr,0,41,0
0.97359,8,0.012,pwr,0,41,0
0.97413,12,0.012,pwr,0,41,0
0.9749,20,0.012,pwr,0,41,0
0.97722,40,0.012,pwr,0,41,0
0.97996,80,0.012,pwr,0,41,0
0.98677,200,0.012,pwr,0,41,0
0.97241,1,0.014,pwr,0,41,0
0.97317,2,0.014,pwr,0,41,0
0.9728,3,0.014,pwr,0,41,0
0.97332,4,0.014,pwr,0,41,0
0.97378,8,0.014,pwr,0,41,0
0.97361,12,0.014,pwr,0,41,0
0.97408,20,0.014,pwr,0,41,0
0.9753,40,0.014,pwr,0,41,0
0.97725,80,0.014,pwr,0,41,0
0.98199,200,0.014,pwr,0,41,0
0.97369,1,0.016,pwr,0,41,0
0.97279,2,0.016,pwr,0,41,0
0.97269,3,0.016,pwr,0,41,0
0.97313,4,0.016,pwr,0,41,0
0.97319,8,0.016,pwr,0,41,0
0.9729,12,0.016,pwr,0,41,0
0.97293,20,0.016,pwr,0,41,0
0.97455,40,0.016,pwr,0,41,0
0.97531,80,0.016,pwr,0,41,0
0.97807,200,0.016,pwr,0,41,0
0.97322,1,0.018,pwr,0,41,0
0.97295,2,0.018,pwr,0,41,0
0.97304,3,0.018,pwr,0,41,0
0.97288,4,0.018,pwr,0,41,0
0.97311,8,0.018,pwr,0,41,0
0.97318,12,0.018,pwr,0,41,0
0.97274,20,0.018,pwr,0,41,0
0.97324,40,0.018,pwr,0,41,0
0.97373,80,0.018,pwr,0,41,0
0.97417,200,0.018,pwr,0,41,0
0.97247,1,0.02,pwr,0,41,0
0.97265,2,0.02,pwr,0,41,0
0.97325,3,0.02,pwr,0,41,0
0.97325,4,0.02,pwr,0,41,0
0.97313,8,0.02,pwr,0,41,0
0.97368,12,0.02,pwr,0,41,0
0.97272,20,0.02,pwr,0,41,0
0.97226,40,0.02,pwr,0,41,0
0.97193,80,0.02,pwr,0,41,0
0.97102,200,0.02,pwr,0,41,0
0.97305,1,0.022,pwr,0,41,0
0.9729,2,0.022,pwr,0,41,0
0.97285,3,0.022,pwr,0,41,0
0.97262,4,0.022,pwr,0,41,0
0.97271,8,0.022,pwr,0,41,0
0.97282,12,0.022,pwr,0,41,0
0.97243,20,0.022,pwr,0,41,0
0.97213,40,0.022,pwr,0,41,0
0.9711,80,0.022,pwr,0,41,0
0.96793,200,0.022,pwr,0,41,0
0.89808,1,1.00E-11,pwr,500,41,0
0.89936,2,1.00E-11,pwr,500,41,0
0.90488,3,1.00E-11,pwr,500,41,0
0.91376,4,1.00E-11,pwr,500,41,0
0.93496,8,1.00E-11,pwr,500,41,0
0.94777,12,1.00E-11,pwr,500,41,0
0.96732,20,1.00E-11,pwr,500,41,0
0.98681,40,1.00E-11,pwr,500,41,0
1.0004,80,1.00E-11,pwr,500,41,0
1.01829,200,1.00E-11,pwr,500,41,0
0.89713,1,0.002,pwr,500,41,0
0.89803,2,0.002,pwr,500,41,0
0.89845,3,0.002,pwr,500,41,0
0.89956,4,0.002,pwr,500,41,0
0.90636,8,0.002,pwr,500,41,0
0.91267,12,0.002,pwr,500,41,0
0.92268,20,0.002,pwr,500,41,0
0.9356,40,0.002,pwr,500,41,0
0.94594,80,0.002,pwr,500,41,0
0.96024,200,0.002,pwr,500,41,0
0.89676,1,0.004,pwr,500,41,0
0.89767,2,0.004,pwr,500,41,0
0.89768,3,0.004,pwr,500,41,0
0.89802,4,0.004,pwr,500,41,0
0.90087,8,0.004,pwr,500,41,0
0.90429,12,0.004,pwr,500,41,0
0.90969,20,0.004,pwr,500,41,0
0.91965,40,0.004,pwr,500,41,0
0.92719,80,0.004,pwr,500,41,0
0.94044,200,0.004,pwr,500,41,0
0.89649,1,0.006,pwr,500,41,0
0.89633,2,0.006,pwr,500,41,0
0.89695,3,0.006,pwr,500,41,0
0.8974,4,0.006,pwr,500,41,0
0.89885,8,0.006,pwr,500,41,0
0.90053,12,0.006,pwr,500,41,0
0.90379,20,0.006,pwr,500,41,0
0.91099,40,0.006,pwr,500,41,0
0.91716,80,0.006,pwr,500,41,0
0.92762,200,0.006,pwr,500,41,0
0.89659,1,0.008,pwr,500,41,0
0.89717,2,0.008,pwr,500,41,0
0.89702,3,0.008,pwr,500,41,0
0.89692,4,0.008,pwr,500,41,0
0.89786,8,0.008,pwr,500,41,0
0.89895,12,0.008,pwr,500,41,0
0.90084,20,0.008,pwr,500,41,0
0.90528,40,0.008,pwr,500,41,0
0.91024,80,0.008,pwr,500,41,0
0.91947,200,0.008,pwr,500,41,0
0.89675,1,0.01,pwr,500,41,0
0.89673,2,0.01,pwr,500,41,0
0.89667,3,0.01,pwr,500,41,0
0.89713,4,0.01,pwr,500,41,0
0.89712,8,0.01,pwr,500,41,0
0.8983,12,0.01,pwr,500,41,0
0.89899,20,0.01,pwr,500,41,0
0.90206,40,0.01,pwr,500,41,0
0.90552,80,0.01,pwr,500,41,0
0.91323,200,0.01,pwr,500,41,0
0.89659,1,0.012,pwr,500,41,0
0.89632,2,0.012,pwr,500,41,0
0.89706,3,0.012,pwr,500,41,0
0.89669,4,0.012,pwr,500,41,0
0.89729,8,0.012,pwr,500,41,0
0.8976,12,0.012,pwr,500,41,0
0.89815,20,0.012,pwr,500,41,0
0.90054,40,0.012,pwr,500,41,0
0.90267,80,0.012,pwr,500,41,0
0.90864,200,0.012,pwr,500,41,0
0.89678,1,0.014,pwr,500,41,0
0.89672,2,0.014,pwr,500,41,0
0.89642,3,0.014,pwr,500,41,0
0.89714,4,0.014,pwr,500,41,0
0.89678,8,0.014,pwr,500,41,0
0.89727,12,0.014,pwr,500,41,0
0.89754,20,0.014,pwr,500,41,0
0.89837,40,0.014,pwr,500,41,0
0.89997,80,0.014,pwr,500,41,0
0.90414,200,0.014,pwr,500,41,0
0.89684,1,0.016,pwr,500,41,0
0.89636,2,0.016,pwr,500,41,0
0.89646,3,0.016,pwr,500,41,0
0.89712,4,0.016,pwr,500,41,0
0.89657,8,0.016,pwr,500,41,0
0.89679,12,0.016,pwr,500,41,0
0.89679,20,0.016,pwr,500,41,0
0.89723,40,0.016,pwr,500,41,0
0.89814,80,0.016,pwr,500,41,0
0.90025,200,0.016,pwr,500,41,0
0.89671,1,0.018,pwr,500,41,0
0.89684,2,0.018,pwr,500,41,0
0.89676,3,0.018,pwr,500,41,0
0.89643,4,0.018,pwr,500,41,0
0.89638,8,0.018,pwr,500,41,0
0.89676,12,0.018,pwr,500,41,0
0.89668,20,0.018,pwr,500,41,0
0.89677,40,0.018,pwr,500,41,0
0.89692,80,0.018,pwr,500,41,0
0.89766,200,0.018,pwr,500,41,0
0.89633,1,0.02,pwr,500,41,0
0.89661,2,0.02,pwr,500,41,0
0.89672,3,0.02,pwr,500,41,0
0.89653,4,0.02,pwr,500,41,0
0.89677,8,0.02,pwr,500,41,0
0.8965,12,0.02,pwr,500,41,0
0.89631,20,0.02,pwr,500,41,0
0.89607,40,0.02,pwr,500,41,0
0.89526,80,0.02,pwr,500,41,0
0.89399,200,0.02,pwr,500,41,0
0.89648,1,0.022,pwr,500,41,0
0.89616,2,0.022,pwr,500,41,0
0.89586,3,0.022,pwr,500,41,0
0.89664,4,0.022,pwr,500,41,0
0.89674,8,0.022,pwr,500,41,0
0.8963,12,0.022,pwr,500,41,0
0.89672,20,0.022,pwr,500,41,0
0.89582,40,0.022,pwr,500,41,0
0.89466,80,0.022,pwr,500,41,0
0.89172,200,0.022,pwr,500,41,0
0.83677,1,1.00E-11,pwr,1000,41,0
0.83761,2,1.00E-11,pwr,1000,41,0
0.84063,3,1.00E-11,pwr,1000,41,0
0.84648,4,1.00E-11,pwr,1000,41,0
0.86358,8,1.00E-11,pwr,1000,41,0
0.87375,12,1.00E-11,pwr,1000,41,0
0.88927,20,1.00E-11,pwr,1000,41,0
0.90633,40,1.00E-11,pwr,1000,41,0
0.91778,80,1.00E-11,pwr,1000,41,0
0.93347,200,1.00E-11,pwr,1000,41,0
0.83583,1,0.002,pwr,1000,41,0
0.83636,2,0.002,pwr,1000,41,0
0.83682,3,0.002,pwr,1000,41,0
0.83756,4,0.002,pwr,1000,41,0
0.8426,8,0.002,pwr,1000,41,0
0.84701,12,0.002,pwr,1000,41,0
0.85603,20,0.002,pwr,1000,41,0
0.8675,40,0.002,pwr,1000,41,0
0.87691,80,0.002,pwr,1000,41,0
0.88942,200,0.002,pwr,1000,41,0
0.83528,1,0.004,pwr,1000,41,0
0.83608,2,0.004,pwr,1000,41,0
0.83638,3,0.004,pwr,1000,41,0
0.83669,4,0.004,pwr,1000,41,0
0.83859,8,0.004,pwr,1000,41,0
0.84195,12,0.004,pwr,1000,41,0
0.84655,20,0.004,pwr,1000,41,0
0.85475,40,0.004,pwr,1000,41,0
0.86168,80,0.004,pwr,1000,41,0
0.87296,200,0.004,pwr,1000,41,0
0.83569,1,0.006,pwr,1000,41,0
0.83553,2,0.006,pwr,1000,41,0
0.83617,3,0.006,pwr,1000,41,0
0.83575,4,0.006,pwr,1000,41,0
0.83759,8,0.006,pwr,1000,41,0
0.83899,12,0.006,pwr,1000,41,0
0.84114,20,0.006,pwr,1000,41,0
0.84663,40,0.006,pwr,1000,41,0
0.85257,80,0.006,pwr,1000,41,0
0.86243,200,0.006,pwr,1000,41,0
0.83529,1,0.008,pwr,1000,41,0
0.83563,2,0.008,pwr,1000,41,0
0.83566,3,0.008,pwr,1000,41,0
0.83522,4,0.008,pwr,1000,41,0
0.83705,8,0.008,pwr,1000,41,0
0.83703,12,0.008,pwr,1000,41,0
0.83869,20,0.008,pwr,1000,41,0
0.84217,40,0.008,pwr,1000,41,0
0.84727,80,0.008,pwr,1000,41,0
0.85508,200,0.008,pwr,1000,41,0
0.83559,1,0.01,pwr,1000,41,0
0.83543,2,0.01,pwr,1000,41,0
0.83593,3,0.01,pwr,1000,41,0
0.8355,4,0.01,pwr,1000,41,0
0.83547,8,0.01,pwr,1000,41,0
0.8367,12,0.01,pwr,1000,41,0
0.83713,20,0.01,pwr,1000,41,0
0.83958,40,0.01,pwr,1000,41,0
0.84278,80,0.01,pwr,1000,41,0
0.84991,200,0.01,pwr,1000,41,0
0.83571,1,0.012,pwr,1000,41,0
0.83502,2,0.012,pwr,1000,41,0
0.83578,3,0.012,pwr,1000,41,0
0.8357,4,0.012,pwr,1000,41,0
0.83566,8,0.012,pwr,1000,41,0
0.83556,12,0.012,pwr,1000,41,0
0.83662,20,0.012,pwr,1000,41,0
0.83816,40,0.012,pwr,1000,41,0
0.84038,80,0.012,pwr,1000,41,0
0.84565,200,0.012,pwr,1000,41,0
0.8353,1,0.014,pwr,1000,41,0
0.835,2,0.014,pwr,1000,41,0
0.835,3,0.014,pwr,1000,41,0
0.83597,4,0.014,pwr,1000,41,0
0.83538,8,0.014,pwr,1000,41,0
0.83574,12,0.014,pwr,1000,41,0
0.83647,20,0.014,pwr,1000,41,0
0.83675,40,0.014,pwr,1000,41,0
0.83809,80,0.014,pwr,1000,41,0
0.84146,200,0.014,pwr,1000,41,0
0.83544,1,0.016,pwr,1000,41,0
0.83602,2,0.016,pwr,1000,41,0
0.836,3,0.016,pwr,1000,41,0
0.83572,4,0.016,pwr,1000,41,0
0.8351,8,0.016,pwr,1000,41,0
0.83644,12,0.016,pwr,1000,41,0
0.83615,20,0.016,pwr,1000,41,0
0.83536,40,0.016,pwr,1000,41,0
0.83645,80,0.016,pwr,1000,41,0
0.83792,200,0.016,pwr,1000,41,0
0.8351,1,0.018,pwr,1000,41,0
0.83568,2,0.018,pwr,1000,41,0
0.8356,3,0.018,pwr,1000,41,0
0.83534,4,0.018,pwr,1000,41,0
0.83516,8,0.018,pwr,1000,41,0
0.83492,12,0.018,pwr,1000,41,0
0.83488,20,0.018,pwr,1000,41,0
0.83522,40,0.018,pwr,1000,41,0
0.83567,80,0.018,pwr,1000,41,0
0.83512,200,0.018,pwr,1000,41,0
0.83566,1,0.02,pwr,1000,41,0
0.83555,2,0.02,pwr,1000,41,0
0.83529,3,0.02,pwr,1000,41,0
0.83508,4,0.02,pwr,1000,41,0
0.83525,8,0.02,pwr,1000,41,0
0.8352,12,0.02,pwr,1000,41,0
0.83528,20,0.02,pwr,1000,41,0
0.83453,40,0.02,pwr,1000,41,0
0.83452,80,0.02,pwr,1000,41,0
0.8323,200,0.02,pwr,1000,41,0
0.83572,1,0.022,pwr,1000,41,0
0.8352,2,0.022,pwr,1000,41,0
0.83523,3,0.022,pwr,1000,41,0
0.83511,4,0.022,pwr,1000,41,0
0.83471,8,0.022,pwr,1000,41,0
0.83512,12,0.022,pwr,1000,41,0
0.83479,20,0.022,pwr,1000,41,0
0.83402,40,0.022,pwr,1000,41,0
0.83415,80,0.022,pwr,1000,41,0
0.83023,200,0.022,pwr,1000,41,0
0.78512,1,1.00E-11,pwr,1500,41,0
0.78611,2,1.00E-11,pwr,1500,41,0
0.78752,3,1.00E-11,pwr,1500,41,0
0.79232,4,1.00E-11,pwr,1500,41,0
0.80484,8,1.00E-11,pwr,1500,41,0
0.81435,12,1.00E-11,pwr,1500,41,0
0.82757,20,1.00E-11,pwr,1500,41,0
0.84187,40,1.00E-11,pwr,1500,41,0
0.85232,80,1.00E-11,pwr,1500,41,0
0.86686,200,1.00E-11,pwr,1500,41,0
0.78395,1,0.002,pwr,1500,41,0
0.7848,2,0.002,pwr,1500,41,0
0.78571,3,0.002,pwr,1500,41,0
0.78593,4,0.002,pwr,1500,41,0
0.78997,8,0.002,pwr,1500,41,0
0.79429,12,0.002,pwr,1500,41,0
0.80246,20,0.002,pwr,1500,41,0
0.81116,40,0.002,pwr,1500,41,0
0.82018,80,0.002,pwr,1500,41,0
0.83179,200,0.002,pwr,1500,41,0
0.78444,1,0.004,pwr,1500,41,0
0.78473,2,0.004,pwr,1500,41,0
0.78526,3,0.004,pwr,1500,41,0
0.78525,4,0.004,pwr,1500,41,0
0.78677,8,0.004,pwr,1500,41,0
0.78913,12,0.004,pwr,1500,41,0
0.79373,20,0.004,pwr,1500,41,0
0.80033,40,0.004,pwr,1500,41,0
0.80718,80,0.004,pwr,1500,41,0
0.81724,200,0.004,pwr,1500,41,0
0.78463,1,0.006,pwr,1500,41,0
0.78458,2,0.006,pwr,1500,41,0
0.78505,3,0.006,pwr,1500,41,0
0.78472,4,0.006,pwr,1500,41,0
0.78604,8,0.006,pwr,1500,41,0
0.78638,12,0.006,pwr,1500,41,0
0.7894,20,0.006,pwr,1500,41,0
0.79389,40,0.006,pwr,1500,41,0
0.79983,80,0.006,pwr,1500,41,0
0.80847,200,0.006,pwr,1500,41,0
0.78477,1,0.008,pwr,1500,41,0
0.78463,2,0.008,pwr,1500,41,0
0.78477,3,0.008,pwr,1500,41,0
0.78506,4,0.008,pwr,1500,41,0
0.78538,8,0.008,pwr,1500,41,0
0.78576,12,0.008,pwr,1500,41,0
0.78751,20,0.008,pwr,1500,41,0
0.79077,40,0.008,pwr,1500,41,0
0.79477,80,0.008,pwr,1500,41,0
0.80238,200,0.008,pwr,1500,41,0
0.78499,1,0.01,pwr,1500,41,0
0.78409,2,0.01,pwr,1500,41,0
0.78461,3,0.01,pwr,1500,41,0
0.78502,4,0.01,pwr,1500,41,0
0.78519,8,0.01,pwr,1500,41,0
0.78533,12,0.01,pwr,1500,41,0
0.78649,20,0.01,pwr,1500,41,0
0.78773,40,0.01,pwr,1500,41,0
0.79118,80,0.01,pwr,1500,41,0
0.7966,200,0.01,pwr,1500,41,0
0.78435,1,0.012,pwr,1500,41,0
0.78453,2,0.012,pwr,1500,41,0
0.78439,3,0.012,pwr,1500,41,0
0.78475,4,0.012,pwr,1500,41,0
0.78476,8,0.012,pwr,1500,41,0
0.78474,12,0.012,pwr,1500,41,0
0.78571,20,0.012,pwr,1500,41,0
0.78594,40,0.012,pwr,1500,41,0
0.78923,80,0.012,pwr,1500,41,0
0.79343,200,0.012,pwr,1500,41,0
0.78432,1,0.014,pwr,1500,41,0
0.78429,2,0.014,pwr,1500,41,0
0.78482,3,0.014,pwr,1500,41,0
0.78419,4,0.014,pwr,1500,41,0
0.78467,8,0.014,pwr,1500,41,0
0.78506,12,0.014,pwr,1500,41,0
0.78453,20,0.014,pwr,1500,41,0
0.78519,40,0.014,pwr,1500,41,0
0.78677,80,0.014,pwr,1500,41,0
0.78979,200,0.014,pwr,1500,41,0
0.78481,1,0.016,pwr,1500,41,0
0.78459,2,0.016,pwr,1500,41,0
0.78463,3,0.016,pwr,1500,41,0
0.78459,4,0.016,pwr,1500,41,0
0.78457,8,0.016,pwr,1500,41,0
0.78488,12,0.016,pwr,1500,41,0
0.78502,20,0.016,pwr,1500,41,0
0.78506,40,0.016,pwr,1500,41,0
0.78532,80,0.016,pwr,1500,41,0
0.78705,200,0.016,pwr,1500,41,0
0.78479,1,0.018,pwr,1500,41,0
0.78491,2,0.018,pwr,1500,41,0
0.78427,3,0.018,pwr,1500,41,0
0.78457,4,0.018,pwr,1500,41,0
0.78434,8,0.018,pwr,1500,41,0
0.78352,12,0.018,pwr,1500,41,0
0.78436,20,0.018,pwr,1500,41,0
0.78444,40,0.018,pwr,1500,41,0
0.78446,80,0.018,pwr,1500,41,0
0.78461,200,0.018,pwr,1500,41,0
0.78489,1,0.02,pwr,1500,41,0
0.78439,2,0.02,pwr,1500,41,0
0.784,3,0.02,pwr,1500,41,0
0.78456,4,0.02,pwr,1500,41,0
0.78433,8,0.02,pwr,1500,41,0
0.78477,12,0.02,pwr,1500,41,0
0.78394,20,0.02,pwr,1500,41,0
0.78369,40,0.02,pwr,1500,41,0
0.78395,80,0.02,pwr,1500,41,0
0.78217,200,0.02,pwr,1500,41,0
0.78452,1,0.022,pwr,1500,41,0
0.78447,2,0.022,pwr,1500,41,0
0.78426,3,0.022,pwr,1500,41,0
0.78451,4,0.022,pwr,1500,41,0
0.78435,8,0.022,pwr,1500,41,0
0.78433,12,0.022,pwr,1500,41,0
0.78403,20,0.022,pwr,1500,41,0
0.78378,40,0.022,pwr,1500,41,0
0.78298,80,0.022,pwr,1500,41,0
0.77893,200,0.022,pwr,1500,41,0
0.7413,1,1.00E-11,pwr,2000,41,0
0.74229,2,1.00E-11,pwr,2000,41,0
0.74377,3,1.00E-11,pwr,2000,41,0
0.74672,4,1.00E-11,pwr,2000,41,0
0.75735,8,1.00E-11,pwr,2000,41,0
0.76526,12,1.00E-11,pwr,2000,41,0
0.77681,20,1.00E-11,pwr,2000,41,0
0.7894,40,1.00E-11,pwr,2000,41,0
0.799,80,1.00E-11,pwr,2000,41,0
0.8112,200,1.00E-11,pwr,2000,41,0
0.74124,1,0.002,pwr,2000,41,0
0.74169,2,0.002,pwr,2000,41,0
0.74224,3,0.002,pwr,2000,41,0
0.74277,4,0.002,pwr,2000,41,0
0.74581,8,0.002,pwr,2000,41,0
0.7492,12,0.002,pwr,2000,41,0
0.75577,20,0.002,pwr,2000,41,0
0.76453,40,0.002,pwr,2000,41,0
0.77148,80,0.002,pwr,2000,41,0
0.7825,200,0.002,pwr,2000,41,0
0.74166,1,0.004,pwr,2000,41,0
0.74098,2,0.004,pwr,2000,41,0
0.7419,3,0.004,pwr,2000,41,0
0.74224,4,0.004,pwr,2000,41,0
0.74337,8,0.004,pwr,2000,41,0
0.74515,12,0.004,pwr,2000,41,0
0.74904,20,0.004,pwr,2000,41,0
0.75503,40,0.004,pwr,2000,41,0
0.76045,80,0.004,pwr,2000,41,0
0.77038,200,0.004,pwr,2000,41,0
0.74111,1,0.006,pwr,2000,41,0
0.7414,2,0.006,pwr,2000,41,0
0.74152,3,0.006,pwr,2000,41,0
0.74173,4,0.006,pwr,2000,41,0
0.74292,8,0.006,pwr,2000,41,0
0.74374,12,0.006,pwr,2000,41,0
0.74561,20,0.006,pwr,2000,41,0
0.74976,40,0.006,pwr,2000,41,0
0.75482,80,0.006,pwr,2000,41,0
0.76308,200,0.006,pwr,2000,41,0
0.74134,1,0.008,pwr,2000,41,0
0.74087,2,0.008,pwr,2000,41,0
0.74169,3,0.008,pwr,2000,41,0
0.74124,4,0.008,pwr,2000,41,0
0.74208,8,0.008,pwr,2000,41,0
0.74272,12,0.008,pwr,2000,41,0
0.74436,20,0.008,pwr,2000,41,0
0.74693,40,0.008,pwr,2000,41,0
0.75003,80,0.008,pwr,2000,41,0
0.75683,200,0.008,pwr,2000,41,0
0.74097,1,0.01,pwr,2000,41,0
0.74191,2,0.01,pwr,2000,41,0
0.74109,3,0.01,pwr,2000,41,0
0.74166,4,0.01,pwr,2000,41,0
0.7419,8,0.01,pwr,2000,41,0
0.74203,12,0.01,pwr,2000,41,0
0.74321,20,0.01,pwr,2000,41,0
0.74427,40,0.01,pwr,2000,41,0
0.74691,80,0.01,pwr,2000,41,0
0.75246,200,0.01,pwr,2000,41,0
0.74092,1,0.012,pwr,2000,41,0
0.74138,2,0.012,pwr,2000,41,0
0.74131,3,0.012,pwr,2000,41,0
0.7413,4,0.012,pwr,2000,41,0
0.74174,8,0.012,pwr,2000,41,0
0.74146,12,0.012,pwr,2000,41,0
0.74217,20,0.012,pwr,2000,41,0
0.7429,40,0.012,pwr,2000,41,0
0.74497,80,0.012,pwr,2000,41,0
0.74913,200,0.012,pwr,2000,41,0
0.74069,1,0.014,pwr,2000,41,0
0.74098,2,0.014,pwr,2000,41,0
0.74123,3,0.014,pwr,2000,41,0
0.74167,4,0.014,pwr,2000,41,0
0.74152,8,0.014,pwr,2000,41,0
0.74126,12,0.014,pwr,2000,41,0
0.74165,20,0.014,pwr,2000,41,0
0.74284,40,0.014,pwr,2000,41,0
0.74365,80,0.014,pwr,2000,41,0
0.74547,200,0.014,pwr,2000,41,0
0.74089,1,0.016,pwr,2000,41,0
0.74125,2,0.016,pwr,2000,41,0
0.74123,3,0.016,pwr,2000,41,0
0.74144,4,0.016,pwr,2000,41,0
0.74112,8,0.016,pwr,2000,41,0
0.74115,12,0.016,pwr,2000,41,0
0.7414,20,0.016,pwr,2000,41,0
0.74204,40,0.016,pwr,2000,41,0
0.74229,80,0.016,pwr,2000,41,0
0.7429,200,0.016,pwr,2000,41,0
0.74121,1,0.018,pwr,2000,41,0
0.74109,2,0.018,pwr,2000,41,0
0.74116,3,0.018,pwr,2000,41,0
0.74106,4,0.018,pwr,2000,41,0
0.7405,8,0.018,pwr,2000,41,0
0.74115,12,0.018,pwr,2000,41,0
0.74158,20,0.018,pwr,2000,41,0
0.74123,40,0.018,pwr,2000,41,0
0.74092,80,0.018,pwr,2000,41,0
0.74057,200,0.018,pwr,2000,41,0
0.74136,1,0.02,pwr,2000,41,0
0.74096,2,0.02,pwr,2000,41,0
0.74088,3,0.02,pwr,2000,41,0
0.74149,4,0.02,pwr,2000,41,0
0.74154,8,0.02,pwr,2000,41,0
0.74094,12,0.02,pwr,2000,41,0
0.74097,20,0.02,pwr,2000,41,0
0.74071,40,0.02,pwr,2000,41,0
0.73998,80,0.02,pwr,2000,41,0
0.73841,200,0.02,pwr,2000,41,0
0.7413,1,0.022,pwr,2000,41,0
0.74061,2,0.022,pwr,2000,41,0
0.74086,3,0.022,pwr,2000,41,0
0.74096,4,0.022,pwr,2000,41,0
0.74118,8,0.022,pwr,2000,41,0
0.74071,12,0.022,pwr,2000,41,0
0.74037,20,0.022,pwr,2000,41,0
0.74014,40,0.022,pwr,2000,41,0
0.73995,80,0.022,pwr,2000,41,0
0.73641,200,0.022,pwr,2000,41,0
0.7047,1,1.00E-11,pwr,2500,41,0
0.70478,2,1.00E-11,pwr,2500,41,0
0.70598,3,1.00E-11,pwr,2500,41,0
0.70856,4,1.00E-11,pwr,2500,41,0
0.71657,8,1.00E-11,pwr,2500,41,0
0.723,12,1.00E-11,pwr,2500,41,0
0.73321,20,1.00E-11,pwr,2500,41,0
0.74528,40,1.00E-11,pwr,2500,41,0
0.75338,80,1.00E-11,pwr,2500,41,0
0.76517,200,1.00E-11,pwr,2500,41,0
0.70465,1,0.002,pwr,2500,41,0
0.70452,2,0.002,pwr,2500,41,0
0.70505,3,0.002,pwr,2500,41,0
0.70473,4,0.002,pwr,2500,41,0
0.70799,8,0.002,pwr,2500,41,0
0.71037,12,0.002,pwr,2500,41,0
0.71564,20,0.002,pwr,2500,41,0
0.72454,40,0.002,pwr,2500,41,0
0.73083,80,0.002,pwr,2500,41,0
0.74051,200,0.002,pwr,2500,41,0
0.70368,1,0.004,pwr,2500,41,0
0.70385,2,0.004,pwr,2500,41,0
0.70459,3,0.004,pwr,2500,41,0
0.7046,4,0.004,pwr,2500,41,0
0.70521,8,0.004,pwr,2500,41,0
0.70707,12,0.004,pwr,2500,41,0
0.71016,20,0.004,pwr,2500,41,0
0.7164,40,0.004,pwr,2500,41,0
0.72144,80,0.004,pwr,2500,41,0
0.73027,200,0.004,pwr,2500,41,0
0.70407,1,0.006,pwr,2500,41,0
0.70409,2,0.006,pwr,2500,41,0
0.70381,3,0.006,pwr,2500,41,0
0.7039,4,0.006,pwr,2500,41,0
0.70493,8,0.006,pwr,2500,41,0
0.70621,12,0.006,pwr,2500,41,0
0.70769,20,0.006,pwr,2500,41,0
0.71159,40,0.006,pwr,2500,41,0
0.71544,80,0.006,pwr,2500,41,0
0.72307,200,0.006,pwr,2500,41,0
0.70393,1,0.008,pwr,2500,41,0
0.70436,2,0.008,pwr,2500,41,0
0.70389,3,0.008,pwr,2500,41,0
0.70433,4,0.008,pwr,2500,41,0
0.70472,8,0.008,pwr,2500,41,0
0.7053,12,0.008,pwr,2500,41,0
0.70684,20,0.008,pwr,2500,41,0
0.70836,40,0.008,pwr,2500,41,0
0.71231,80,0.008,pwr,2500,41,0
0.71729,200,0.008,pwr,2500,41,0
0.70347,1,0.01,pwr,2500,41,0
0.70412,2,0.01,pwr,2500,41,0
0.70449,3,0.01,pwr,2500,41,0
0.70443,4,0.01,pwr,2500,41,0
0.70479,8,0.01,pwr,2500,41,0
0.70511,12,0.01,pwr,2500,41,0
0.70528,20,0.01,pwr,2500,41,0
0.70695,40,0.01,pwr,2500,41,0
0.70952,80,0.01,pwr,2500,41,0
0.71403,200,0.01,pwr,2500,41,0
0.70375,1,0.012,pwr,2500,41,0
0.70337,2,0.012,pwr,2500,41,0
0.7043,3,0.012,pwr,2500,41,0
0.70455,4,0.012,pwr,2500,41,0
0.70396,8,0.012,pwr,2500,41,0
0.70391,12,0.012,pwr,2500,41,0
0.70475,20,0.012,pwr,2500,41,0
0.70629,40,0.012,pwr,2500,41,0
0.70718,80,0.012,pwr,2500,41,0
0.71062,200,0.012,pwr,2500,41,0
0.70374,1,0.014,pwr,2500,41,0
0.70446,2,0.014,pwr,2500,41,0
0.70395,3,0.014,pwr,2500,41,0
0.70398,4,0.014,pwr,2500,41,0
0.70402,8,0.014,pwr,2500,41,0
0.7036,12,0.014,pwr,2500,41,0
0.70445,20,0.014,pwr,2500,41,0
0.70463,40,0.014,pwr,2500,41,0
0.70575,80,0.014,pwr,2500,41,0
0.70765,200,0.014,pwr,2500,41,0
0.70299,1,0.016,pwr,2500,41,0
0.70366,2,0.016,pwr,2500,41,0
0.70397,3,0.016,pwr,2500,41,0
0.70397,4,0.016,pwr,2500,41,0
0.70405,8,0.016,pwr,2500,41,0
0.70349,12,0.016,pwr,2500,41,0
0.70411,20,0.016,pwr,2500,41,0
0.70432,40,0.016,pwr,2500,41,0
0.70487,80,0.016,pwr,2500,41,0
0.70557,200,0.016,pwr,2500,41,0
0.70398,1,0.018,pwr,2500,41,0
0.70374,2,0.018,pwr,2500,41,0
0.70338,3,0.018,pwr,2500,41,0
0.70326,4,0.018,pwr,2500,41,0
0.70339,8,0.018,pwr,2500,41,0
0.70365,12,0.018,pwr,2500,41,0
0.70353,20,0.018,pwr,2500,41,0
0.70346,40,0.018,pwr,2500,41,0
0.70411,80,0.018,pwr,2500,41,0
0.70321,200,0.018,pwr,2500,41,0
0.70351,1,0.02,pwr,2500,41,0
0.70325,2,0.02,pwr,2500,41,0
0.70377,3,0.02,pwr,2500,41,0
0.70437,4,0.02,pwr,2500,41,0
0.70315,8,0.02,pwr,2500,41,0
0.70424,12,0.02,pwr,2500,41,0
0.70393,20,0.02,pwr,2500,41,0
0.70298,40,0.02,pwr,2500,41,0
0.7027,80,0.02,pwr,2500,41,0
0.70126,200,0.02,pwr,2500,41,0
0.70397,1,0.022,pwr,2500,41,0
0.70347,2,0.022,pwr,2500,41,0
0.70375,3,0.022,pwr,2500,41,0
0.70391,4,0.022,pwr,2500,41,0
0.70343,8,0.022,pwr,2500,41,0
0.70303,12,0.022,pwr,2500,41,0
0.70333,20,0.022,pwr,2500,41,0
0.70298,40,0.022,pwr,2500,41,0
0.70264,80,0.022,pwr,2500,41,0
0.69938,200,0.022,pwr,2500,41,0
0.97365,1,1.00E-11,pwr,0,44,0
0.97683,2,1.00E-11,pwr,0,44,0
0.98501,3,1.00E-11,pwr,0,44,0
0.99703,4,1.00E-11,pwr,0,44,0
1.02448,8,1.00E-11,pwr,0,44,0
1.04119,12,1.00E-11,pwr,0,44,0
1.06368,20,1.00E-11,pwr,0,44,0
1.08723,40,1.00E-11,pwr,0,44,0
1.10325,80,1.00E-11,pwr,0,44,0
1.12362,200,1.00E-11,pwr,0,44,0
0.97334,1,0.002,pwr,0,44,0
0.9735,2,0.002,pwr,0,44,0
0.97511,3,0.002,pwr,0,44,0
0.97712,4,0.002,pwr,0,44,0
0.98337,8,0.002,pwr,0,44,0
0.99219,12,0.002,pwr,0,44,0
1.00304,20,0.002,pwr,0,44,0
1.01747,40,0.002,pwr,0,44,0
1.02941,80,0.002,pwr,0,44,0
1.04447,200,0.002,pwr,0,44,0
0.97337,1,0.004,pwr,0,44,0
0.9732,2,0.004,pwr,0,44,0
0.97453,3,0.004,pwr,0,44,0
0.97449,4,0.004,pwr,0,44,0
0.97664,8,0.004,pwr,0,44,0
0.98033,12,0.004,pwr,0,44,0
0.9869,20,0.004,pwr,0,44,0
0.99783,40,0.004,pwr,0,44,0
1.00585,80,0.004,pwr,0,44,0
1.01988,200,0.004,pwr,0,44,0
0.97295,1,0.006,pwr,0,44,0
0.9735,2,0.006,pwr,0,44,0
0.9736,3,0.006,pwr,0,44,0
0.97334,4,0.006,pwr,0,44,0
0.97523,8,0.006,pwr,0,44,0
0.97643,12,0.006,pwr,0,44,0
0.97964,20,0.006,pwr,0,44,0
0.98634,40,0.006,pwr,0,44,0
0.9943,80,0.006,pwr,0,44,0
1.00504,200,0.006,pwr,0,44,0
0.97316,1,0.008,pwr,0,44,0
0.97324,2,0.008,pwr,0,44,0
0.97331,3,0.008,pwr,0,44,0
0.97322,4,0.008,pwr,0,44,0
0.97364,8,0.008,pwr,0,44,0
0.97478,12,0.008,pwr,0,44,0
0.97677,20,0.008,pwr,0,44,0
0.98067,40,0.008,pwr,0,44,0
0.9859,80,0.008,pwr,0,44,0
0.9953,200,0.008,pwr,0,44,0
0.97287,1,0.01,pwr,0,44,0
0.9726,2,0.01,pwr,0,44,0
0.97324,3,0.01,pwr,0,44,0
0.97326,4,0.01,pwr,0,44,0
0.97339,8,0.01,pwr,0,44,0
0.9743,12,0.01,pwr,0,44,0
0.97482,20,0.01,pwr,0,44,0
0.97708,40,0.01,pwr,0,44,0
0.98019,80,0.01,pwr,0,44,0
0.9875,200,0.01,pwr,0,44,0
0.9726,1,0.012,pwr,0,44,0
0.97321,2,0.012,pwr,0,44,0
0.97319,3,0.012,pwr,0,44,0
0.97316,4,0.012,pwr,0,44,0
0.97369,8,0.012,pwr,0,44,0
0.97335,12,0.012,pwr,0,44,0
0.97429,20,0.012,pwr,0,44,0
0.97549,40,0.012,pwr,0,44,0
0.97718,80,0.012,pwr,0,44,0
0.98158,200,0.012,pwr,0,44,0
0.97276,1,0.014,pwr,0,44,0
0.97349,2,0.014,pwr,0,44,0
0.97343,3,0.014,pwr,0,44,0
0.97276,4,0.014,pwr,0,44,0
0.97325,8,0.014,pwr,0,44,0
0.97303,12,0.014,pwr,0,44,0
0.97309,20,0.014,pwr,0,44,0
0.97434,40,0.014,pwr,0,44,0
0.97457,80,0.014,pwr,0,44,0
0.97717,200,0.014,pwr,0,44,0
0.97295,1,0.016,pwr,0,44,0
0.97316,2,0.016,pwr,0,44,0
0.97278,3,0.016,pwr,0,44,0
0.97309,4,0.016,pwr,0,44,0
0.97307,8,0.016,pwr,0,44,0
0.97325,12,0.016,pwr,0,44,0
0.97282,20,0.016,pwr,0,44,0
0.97303,40,0.016,pwr,0,44,0
0.97323,80,0.016,pwr,0,44,0
0.97306,200,0.016,pwr,0,44,0
0.97282,1,0.018,pwr,0,44,0
0.97267,2,0.018,pwr,0,44,0
0.97325,3,0.018,pwr,0,44,0
0.97393,4,0.018,pwr,0,44,0
0.97314,8,0.018,pwr,0,44,0
0.97256,12,0.018,pwr,0,44,0
0.97254,20,0.018,pwr,0,44,0
0.972,40,0.018,pwr,0,44,0
0.97182,80,0.018,pwr,0,44,0
0.96857,200,0.018,pwr,0,44,0
0.97231,1,0.02,pwr,0,44,0
0.97344,2,0.02,pwr,0,44,0
0.97324,3,0.02,pwr,0,44,0
0.97292,4,0.02,pwr,0,44,0
0.97279,8,0.02,pwr,0,44,0
0.97293,12,0.02,pwr,0,44,0
0.97258,20,0.02,pwr,0,44,0
0.97188,40,0.02,pwr,0,44,0
0.97049,80,0.02,pwr,0,44,0
0.96628,200,0.02,pwr,0,44,0
0.97255,1,0.022,pwr,0,44,0
0.97316,2,0.022,pwr,0,44,0
0.97249,3,0.022,pwr,0,44,0
0.97269,4,0.022,pwr,0,44,0
0.97264,8,0.022,pwr,0,44,0
0.97273,12,0.022,pwr,0,44,0
0.97181,20,0.022,pwr,0,44,0
0.97117,40,0.022,pwr,0,44,0
0.97001,80,0.022,pwr,0,44,0
0.96363,200,0.022,pwr,0,44,0
0.89756,1,1.00E-11,pwr,500,44,0
0.89917,2,1.00E-11,pwr,500,44,0
0.90332,3,1.00E-11,pwr,500,44,0
0.91133,4,1.00E-11,pwr,500,44,0
0.93105,8,1.00E-11,pwr,500,44,0
0.94353,12,1.00E-11,pwr,500,44,0
0.962,20,1.00E-11,pwr,500,44,0
0.98093,40,1.00E-11,pwr,500,44,0
0.99461,80,1.00E-11,pwr,500,44,0
1.01211,200,1.00E-11,pwr,500,44,0
0.89742,1,0.002,pwr,500,44,0
0.8972,2,0.002,pwr,500,44,0
0.89778,3,0.002,pwr,500,44,0
0.8991,4,0.002,pwr,500,44,0
0.90397,8,0.002,pwr,500,44,0
0.90963,12,0.002,pwr,500,44,0
0.91885,20,0.002,pwr,500,44,0
0.9307,40,0.002,pwr,500,44,0
0.94023,80,0.002,pwr,500,44,0
0.95474,200,0.002,pwr,500,44,0
0.89709,1,0.004,pwr,500,44,0
0.89652,2,0.004,pwr,500,44,0
0.89753,3,0.004,pwr,500,44,0
0.89749,4,0.004,pwr,500,44,0
0.89946,8,0.004,pwr,500,44,0
0.90179,12,0.004,pwr,500,44,0
0.90685,20,0.004,pwr,500,44,0
0.91541,40,0.004,pwr,500,44,0
0.92295,80,0.004,pwr,500,44,0
0.93489,200,0.004,pwr,500,44,0
0.8961,1,0.006,pwr,500,44,0
0.89734,2,0.006,pwr,500,44,0
0.89769,3,0.006,pwr,500,44,0
0.89768,4,0.006,pwr,500,44,0
0.89808,8,0.006,pwr,500,44,0
0.89923,12,0.006,pwr,500,44,0
0.90233,20,0.006,pwr,500,44,0
0.90658,40,0.006,pwr,500,44,0
0.91298,80,0.006,pwr,500,44,0
0.92259,200,0.006,pwr,500,44,0
0.89666,1,0.008,pwr,500,44,0
0.89687,2,0.008,pwr,500,44,0
0.89716,3,0.008,pwr,500,44,0
0.89729,4,0.008,pwr,500,44,0
0.89801,8,0.008,pwr,500,44,0
0.89889,12,0.008,pwr,500,44,0
0.89918,20,0.008,pwr,500,44,0
0.90258,40,0.008,pwr,500,44,0
0.9068,80,0.008,pwr,500,44,0
0.91455,200,0.008,pwr,500,44,0
0.89661,1,0.01,pwr,500,44,0
0.89647,2,0.01,pwr,500,44,0
0.89645,3,0.01,pwr,500,44,0
0.89736,4,0.01,pwr,500,44,0
0.89767,8,0.01,pwr,500,44,0
0.89711,12,0.01,pwr,500,44,0
0.89804,20,0.01,pwr,500,44,0
0.89965,40,0.01,pwr,500,44,0
0.90279,80,0.01,pwr,500,44,0
0.90791,200,0.01,pwr,500,44,0
0.89629,1,0.012,pwr,500,44,0
0.89643,2,0.012,pwr,500,44,0
0.89685,3,0.012,pwr,500,44,0
0.89684,4,0.012,pwr,500,44,0
0.89656,8,0.012,pwr,500,44,0
0.89706,12,0.012,pwr,500,44,0
0.89715,20,0.012,pwr,500,44,0
0.89794,40,0.012,pwr,500,44,0
0.90032,80,0.012,pwr,500,44,0
0.90349,200,0.012,pwr,500,44,0
0.89682,1,0.014,pwr,500,44,0
0.89606,2,0.014,pwr,500,44,0
0.8971,3,0.014,pwr,500,44,0
0.89604,4,0.014,pwr,500,44,0
0.89706,8,0.014,pwr,500,44,0
0.89667,12,0.014,pwr,500,44,0
0.89739,20,0.014,pwr,500,44,0
0.89726,40,0.014,pwr,500,44,0
0.89768,80,0.014,pwr,500,44,0
0.89968,200,0.014,pwr,500,44,0
0.89666,1,0.016,pwr,500,44,0
0.89637,2,0.016,pwr,500,44,0
0.89688,3,0.016,pwr,500,44,0
0.89665,4,0.016,pwr,500,44,0
0.89661,8,0.016,pwr,500,44,0
0.89665,12,0.016,pwr,500,44,0
0.89661,20,0.016,pwr,500,44,0
0.89621,40,0.016,pwr,500,44,0
0.89606,80,0.016,pwr,500,44,0
0.89531,200,0.016,pwr,500,44,0
0.89666,1,0.018,pwr,500,44,0
0.89602,2,0.018,pwr,500,44,0
0.89652,3,0.018,pwr,500,44,0
0.89682,4,0.018,pwr,500,44,0
0.89627,8,0.018,pwr,500,44,0
0.89655,12,0.018,pwr,500,44,0
0.89627,20,0.018,pwr,500,44,0
0.89577,40,0.018,pwr,500,44,0
0.89537,80,0.018,pwr,500,44,0
0.8924,200,0.018,pwr,500,44,0
0.89658,1,0.02,pwr,500,44,0
0.89671,2,0.02,pwr,500,44,0
0.89697,3,0.02,pwr,500,44,0
0.89669,4,0.02,pwr,500,44,0
0.89619,8,0.02,pwr,500,44,0
0.89631,12,0.02,pwr,500,44,0
0.89619,20,0.02,pwr,500,44,0
0.89531,40,0.02,pwr,500,44,0
0.89407,80,0.02,pwr,500,44,0
0.88965,200,0.02,pwr,500,44,0
0.89717,1,0.022,pwr,500,44,0
0.8956,2,0.022,pwr,500,44,0
0.8962,3,0.022,pwr,500,44,0
0.89622,4,0.022,pwr,500,44,0
0.89624,8,0.022,pwr,500,44,0
0.89631,12,0.022,pwr,500,44,0
0.89566,20,0.022,pwr,500,44,0
0.89482,40,0.022,pwr,500,44,0
0.89328,80,0.022,pwr,500,44,0
0.88701,200,0.022,pwr,500,44,0
0.83551,1,1.00E-11,pwr,1000,44,0
0.83674,2,1.00E-11,pwr,1000,44,0
0.84027,3,1.00E-11,pwr,1000,44,0
0.84424,4,1.00E-11,pwr,1000,44,0
0.85874,8,1.00E-11,pwr,1000,44,0
0.87011,12,1.00E-11,pwr,1000,44,0
0.88483,20,1.00E-11,pwr,1000,44,0
0.89996,40,1.00E-11,pwr,1000,44,0
0.9121,80,1.00E-11,pwr,1000,44,0
0.92798,200,1.00E-11,pwr,1000,44,0
0.83571,1,0.002,pwr,1000,44,0
0.83568,2,0.002,pwr,1000,44,0
0.83688,3,0.002,pwr,1000,44,0
0.83662,4,0.002,pwr,1000,44,0
0.84082,8,0.002,pwr,1000,44,0
0.84483,12,0.002,pwr,1000,44,0
0.85234,20,0.002,pwr,1000,44,0
0.86266,40,0.002,pwr,1000,44,0
0.87157,80,0.002,pwr,1000,44,0
0.88376,200,0.002,pwr,1000,44,0
0.83532,1,0.004,pwr,1000,44,0
0.83572,2,0.004,pwr,1000,44,0
0.8361,3,0.004,pwr,1000,44,0
0.83643,4,0.004,pwr,1000,44,0
0.8373,8,0.004,pwr,1000,44,0
0.83933,12,0.004,pwr,1000,44,0
0.84344,20,0.004,pwr,1000,44,0
0.84982,40,0.004,pwr,1000,44,0
0.85712,80,0.004,pwr,1000,44,0
0.8675,200,0.004,pwr,1000,44,0
0.8347,1,0.006,pwr,1000,44,0
0.83535,2,0.006,pwr,1000,44,0
0.83562,3,0.006,pwr,1000,44,0
0.83523,4,0.006,pwr,1000,44,0
0.83644,8,0.006,pwr,1000,44,0
0.83774,12,0.006,pwr,1000,44,0
0.83953,20,0.006,pwr,1000,44,0
0.84336,40,0.006,pwr,1000,44,0
0.84871,80,0.006,pwr,1000,44,0
0.8569,200,0.006,pwr,1000,44,0
0.83553,1,0.008,pwr,1000,44,0
0.8354,2,0.008,pwr,1000,44,0
0.83522,3,0.008,pwr,1000,44,0
0.8356,4,0.008,pwr,1000,44,0
0.836,8,0.008,pwr,1000,44,0
0.83668,12,0.008,pwr,1000,44,0
0.83758,20,0.008,pwr,1000,44,0
0.83946,40,0.008,pwr,1000,44,0
0.84315,80,0.008,pwr,1000,44,0
0.84958,200,0.008,pwr,1000,44,0
0.8352,1,0.01,pwr,1000,44,0
0.83541,2,0.01,pwr,1000,44,0
0.83531,3,0.01,pwr,1000,44,0
0.83545,4,0.01,pwr,1000,44,0
0.83576,8,0.01,pwr,1000,44,0
0.83652,12,0.01,pwr,1000,44,0
0.83655,20,0.01,pwr,1000,44,0
0.83809,40,0.01,pwr,1000,44,0
0.83984,80,0.01,pwr,1000,44,0
0.84486,200,0.01,pwr,1000,44,0
0.83504,1,0.012,pwr,1000,44,0
0.8355,2,0.012,pwr,1000,44,0
0.83584,3,0.012,pwr,1000,44,0
0.83505,4,0.012,pwr,1000,44,0
0.83557,8,0.012,pwr,1000,44,0
0.83554,12,0.012,pwr,1000,44,0
0.8357,20,0.012,pwr,1000,44,0
0.83652,40,0.012,pwr,1000,44,0
0.83758,80,0.012,pwr,1000,44,0
0.84013,200,0.012,pwr,1000,44,0
0.83506,1,0.014,pwr,1000,44,0
0.83529,2,0.014,pwr,1000,44,0
0.83486,3,0.014,pwr,1000,44,0
0.83578,4,0.014,pwr,1000,44,0
0.83553,8,0.014,pwr,1000,44,0
0.83556,12,0.014,pwr,1000,44,0
0.83514,20,0.014,pwr,1000,44,0
0.83574,40,0.014,pwr,1000,44,0
0.83599,80,0.014,pwr,1000,44,0
0.83716,200,0.014,pwr,1000,44,0
0.83575,1,0.016,pwr,1000,44,0
0.83508,2,0.016,pwr,1000,44,0
0.8352,3,0.016,pwr,1000,44,0
0.83502,4,0.016,pwr,1000,44,0
0.83555,8,0.016,pwr,1000,44,0
0.83474,12,0.016,pwr,1000,44,0
0.83556,20,0.016,pwr,1000,44,0
0.83561,40,0.016,pwr,1000,44,0
0.83436,80,0.016,pwr,1000,44,0
0.83339,200,0.016,pwr,1000,44,0
0.83526,1,0.018,pwr,1000,44,0
0.83522,2,0.018,pwr,1000,44,0
0.83528,3,0.018,pwr,1000,44,0
0.83504,4,0.018,pwr,1000,44,0
0.83512,8,0.018,pwr,1000,44,0
0.83508,12,0.018,pwr,1000,44,0
0.83442,20,0.018,pwr,1000,44,0
0.83499,40,0.018,pwr,1000,44,0
0.83317,80,0.018,pwr,1000,44,0
0.83102,200,0.018,pwr,1000,44,0
0.83532,1,0.02,pwr,1000,44,0
0.83589,2,0.02,pwr,1000,44,0
0.83492,3,0.02,pwr,1000,44,0
0.83538,4,0.02,pwr,1000,44,0
0.83522,8,0.02,pwr,1000,44,0
0.835,12,0.02,pwr,1000,44,0
0.83476,20,0.02,pwr,1000,44,0
0.8344,40,0.02,pwr,1000,44,0
0.83288,80,0.02,pwr,1000,44,0
0.82814,200,0.02,pwr,1000,44,0
0.83555,1,0.022,pwr,1000,44,0
0.83507,2,0.022,pwr,1000,44,0
0.83558,3,0.022,pwr,1000,44,0
0.83498,4,0.022,pwr,1000,44,0
0.83494,8,0.022,pwr,1000,44,0
0.8348,12,0.022,pwr,1000,44,0
0.83482,20,0.022,pwr,1000,44,0
0.83387,40,0.022,pwr,1000,44,0
0.83238,80,0.022,pwr,1000,44,0
0.82576,200,0.022,pwr,1000,44,0
0.78503,1,1.00E-11,pwr,1500,44,0
0.78554,2,1.00E-11,pwr,1500,44,0
0.78706,3,1.00E-11,pwr,1500,44,0
0.79052,4,1.00E-11,pwr,1500,44,0
0.80154,8,1.00E-11,pwr,1500,44,0
0.81036,12,1.00E-11,pwr,1500,44,0
0.82273,20,1.00E-11,pwr,1500,44,0
0.83686,40,1.00E-11,pwr,1500,44,0
0.84688,80,1.00E-11,pwr,1500,44,0
0.86138,200,1.00E-11,pwr,1500,44,0
0.78447,1,0.002,pwr,1500,44,0
0.78449,2,0.002,pwr,1500,44,0
0.78521,3,0.002,pwr,1500,44,0
0.78572,4,0.002,pwr,1500,44,0
0.78851,8,0.002,pwr,1500,44,0
0.79182,12,0.002,pwr,1500,44,0
0.79786,20,0.002,pwr,1500,44,0
0.80662,40,0.002,pwr,1500,44,0
0.8148,80,0.002,pwr,1500,44,0
0.82617,200,0.002,pwr,1500,44,0
0.78449,1,0.004,pwr,1500,44,0
0.78412,2,0.004,pwr,1500,44,0
0.78527,3,0.004,pwr,1500,44,0
0.78501,4,0.004,pwr,1500,44,0
0.78722,8,0.004,pwr,1500,44,0
0.78805,12,0.004,pwr,1500,44,0
0.79102,20,0.004,pwr,1500,44,0
0.79641,40,0.004,pwr,1500,44,0
0.80274,80,0.004,pwr,1500,44,0
0.81212,200,0.004,pwr,1500,44,0
0.78466,1,0.006,pwr,1500,44,0
0.78468,2,0.006,pwr,1500,44,0
0.78437,3,0.006,pwr,1500,44,0
0.78523,4,0.006,pwr,1500,44,0
0.78501,8,0.006,pwr,1500,44,0
0.7862,12,0.006,pwr,1500,44,0
0.788,20,0.006,pwr,1500,44,0
0.79143,40,0.006,pwr,1500,44,0
0.79581,80,0.006,pwr,1500,44,0
0.80286,200,0.006,pwr,1500,44,0
0.7843,1,0.008,pwr,1500,44,0
0.78418,2,0.008,pwr,1500,44,0
0.78454,3,0.008,pwr,1500,44,0
0.78467,4,0.008,pwr,1500,44,0
0.78495,8,0.008,pwr,1500,44,0
0.78522,12,0.008,pwr,1500,44,0
0.78696,20,0.008,pwr,1500,44,0
0.78837,40,0.008,pwr,1500,44,0
0.79053,80,0.008,pwr,1500,44,0
0.79681,200,0.008,pwr,1500,44,0
0.78476,1,0.01,pwr,1500,44,0
0.78452,2,0.01,pwr,1500,44,0
0.78473,3,0.01,pwr,1500,44,0
0.78467,4,0.01,pwr,1500,44,0
0.78502,8,0.01,pwr,1500,44,0
0.78508,12,0.01,pwr,1500,44,0
0.78503,20,0.01,pwr,1500,44,0
0.78675,40,0.01,pwr,1500,44,0
0.78845,80,0.01,pwr,1500,44,0
0.79284,200,0.01,pwr,1500,44,0
0.78424,1,0.012,pwr,1500,44,0
0.78448,2,0.012,pwr,1500,44,0
0.78413,3,0.012,pwr,1500,44,0
0.785,4,0.012,pwr,1500,44,0
0.785,8,0.012,pwr,1500,44,0
0.7845,12,0.012,pwr,1500,44,0
0.78457,20,0.012,pwr,1500,44,0
0.78526,40,0.012,pwr,1500,44,0
0.78609,80,0.012,pwr,1500,44,0
0.7884,200,0.012,pwr,1500,44,0
0.78455,1,0.014,pwr,1500,44,0
0.78462,2,0.014,pwr,1500,44,0
0.78435,3,0.014,pwr,1500,44,0
0.78479,4,0.014,pwr,1500,44,0
0.78434,8,0.014,pwr,1500,44,0
0.78411,12,0.014,pwr,1500,44,0
0.78434,20,0.014,pwr,1500,44,0
0.78484,40,0.014,pwr,1500,44,0
0.7844,80,0.014,pwr,1500,44,0
0.78524,200,0.014,pwr,1500,44,0
0.78464,1,0.016,pwr,1500,44,0
0.78433,2,0.016,pwr,1500,44,0
0.78463,3,0.016,pwr,1500,44,0
0.78376,4,0.016,pwr,1500,44,0
0.78455,8,0.016,pwr,1500,44,0
0.78414,12,0.016,pwr,1500,44,0
0.78414,20,0.016,pwr,1500,44,0
0.78442,40,0.016,pwr,1500,44,0
0.78406,80,0.016,pwr,1500,44,0
0.78169,200,0.016,pwr,1500,44,0
0.78457,1,0.018,pwr,1500,44,0
0.78426,2,0.018,pwr,1500,44,0
0.7838,3,0.018,pwr,1500,44,0
0.78396,4,0.018,pwr,1500,44,0
0.784,8,0.018,pwr,1500,44,0
0.78436,12,0.018,pwr,1500,44,0
0.78432,20,0.018,pwr,1500,44,0
0.78292,40,0.018,pwr,1500,44,0
0.78295,80,0.018,pwr,1500,44,0
0.77926,200,0.018,pwr,1500,44,0
0.78459,1,0.02,pwr,1500,44,0
0.78397,2,0.02,pwr,1500,44,0
0.7843,3,0.02,pwr,1500,44,0
0.7837,4,0.02,pwr,1500,44,0
0.78429,8,0.02,pwr,1500,44,0
0.78384,12,0.02,pwr,1500,44,0
0.78371,20,0.02,pwr,1500,44,0
0.78325,40,0.02,pwr,1500,44,0
0.78225,80,0.02,pwr,1500,44,0
0.77718,200,0.02,pwr,1500,44,0
0.78485,1,0.022,pwr,1500,44,0
0.78406,2,0.022,pwr,1500,44,0
0.78434,3,0.022,pwr,1500,44,0
0.78433,4,0.022,pwr,1500,44,0
0.78396,8,0.022,pwr,1500,44,0
0.78419,12,0.022,pwr,1500,44,0
0.78382,20,0.022,pwr,1500,44,0
0.78288,40,0.022,pwr,1500,44,0
0.78209,80,0.022,pwr,1500,44,0
0.7751,200,0.022,pwr,1500,44,0
0.74095,1,1.00E-11,pwr,2000,44,0
0.74208,2,1.00E-11,pwr,2000,44,0
0.74257,3,1.00E-11,pwr,2000,44,0
0.74625,4,1.00E-11,pwr,2000,44,0
0.75389,8,1.00E-11,pwr,2000,44,0
0.7616,12,1.00E-11,pwr,2000,44,0
0.77194,20,1.00E-11,pwr,2000,44,0
0.78405,40,1.00E-11,pwr,2000,44,0
0.79327,80,1.00E-11,pwr,2000,44,0
0.80604,200,1.00E-11,pwr,2000,44,0
0.74152,1,0.002,pwr,2000,44,0
0.74179,2,0.002,pwr,2000,44,0
0.74239,3,0.002,pwr,2000,44,0
0.74261,4,0.002,pwr,2000,44,0
0.74465,8,0.002,pwr,2000,44,0
0.74719,12,0.002,pwr,2000,44,0
0.7529,20,0.002,pwr,2000,44,0
0.76022,40,0.002,pwr,2000,44,0
0.76703,80,0.002,pwr,2000,44,0
0.77752,200,0.002,pwr,2000,44,0
0.74096,1,0.004,pwr,2000,44,0
0.74122,2,0.004,pwr,2000,44,0
0.74158,3,0.004,pwr,2000,44,0
0.74188,4,0.004,pwr,2000,44,0
0.74277,8,0.004,pwr,2000,44,0
0.7441,12,0.004,pwr,2000,44,0
0.74679,20,0.004,pwr,2000,44,0
0.75225,40,0.004,pwr,2000,44,0
0.75687,80,0.004,pwr,2000,44,0
0.76504,200,0.004,pwr,2000,44,0
0.74136,1,0.006,pwr,2000,44,0
0.74084,2,0.006,pwr,2000,44,0
0.74154,3,0.006,pwr,2000,44,0
0.74209,4,0.006,pwr,2000,44,0
0.74214,8,0.006,pwr,2000,44,0
0.7426,12,0.006,pwr,2000,44,0
0.74418,20,0.006,pwr,2000,44,0
0.74659,40,0.006,pwr,2000,44,0
0.75097,80,0.006,pwr,2000,44,0
0.75808,200,0.006,pwr,2000,44,0
0.74118,1,0.008,pwr,2000,44,0
0.74146,2,0.008,pwr,2000,44,0
0.74156,3,0.008,pwr,2000,44,0
0.74179,4,0.008,pwr,2000,44,0
0.74192,8,0.008,pwr,2000,44,0
0.74196,12,0.008,pwr,2000,44,0
0.74256,20,0.008,pwr,2000,44,0
0.74456,40,0.008,pwr,2000,44,0
0.74694,80,0.008,pwr,2000,44,0
0.75204,200,0.008,pwr,2000,44,0
0.7407,1,0.01,pwr,2000,44,0
0.74142,2,0.01,pwr,2000,44,0
0.74129,3,0.01,pwr,2000,44,0
0.74128,4,0.01,pwr,2000,44,0
0.74154,8,0.01,pwr,2000,44,0
0.74191,12,0.01,pwr,2000,44,0
0.74137,20,0.01,pwr,2000,44,0
0.74266,40,0.01,pwr,2000,44,0
0.74414,80,0.01,pwr,2000,44,0
0.74715,200,0.01,pwr,2000,44,0
0.74103,1,0.012,pwr,2000,44,0
0.7411,2,0.012,pwr,2000,44,0
0.74135,3,0.012,pwr,2000,44,0
0.74157,4,0.012,pwr,2000,44,0
0.74161,8,0.012,pwr,2000,44,0
0.74126,12,0.012,pwr,2000,44,0
0.74154,20,0.012,pwr,2000,44,0
0.74232,40,0.012,pwr,2000,44,0
0.74192,80,0.012,pwr,2000,44,0
0.74353,200,0.012,pwr,2000,44,0
0.7412,1,0.014,pwr,2000,44,0
0.74142,2,0.014,pwr,2000,44,0
0.74108,3,0.014,pwr,2000,44,0
0.74132,4,0.014,pwr,2000,44,0
0.74114,8,0.014,pwr,2000,44,0
0.74133,12,0.014,pwr,2000,44,0
0.74122,20,0.014,pwr,2000,44,0
0.74107,40,0.014,pwr,2000,44,0
0.74187,80,0.014,pwr,2000,44,0
0.74092,200,0.014,pwr,2000,44,0
0.74099,1,0.016,pwr,2000,44,0
0.7407,2,0.016,pwr,2000,44,0
0.74141,3,0.016,pwr,2000,44,0
0.74127,4,0.016,pwr,2000,44,0
0.74101,8,0.016,pwr,2000,44,0
0.74132,12,0.016,pwr,2000,44,0
0.74067,20,0.016,pwr,2000,44,0
0.74059,40,0.016,pwr,2000,44,0
0.74026,80,0.016,pwr,2000,44,0
0.73828,200,0.016,pwr,2000,44,0
0.7406,1,0.018,pwr,2000,44,0
0.74133,2,0.018,pwr,2000,44,0
0.74099,3,0.018,pwr,2000,44,0
0.74081,4,0.018,pwr,2000,44,0
0.7409,8,0.018,pwr,2000,44,0
0.74081,12,0.018,pwr,2000,44,0
0.74062,20,0.018,pwr,2000,44,0
0.74027,40,0.018,pwr,2000,44,0
0.73944,80,0.018,pwr,2000,44,0
0.73666,200,0.018,pwr,2000,44,0
0.74158,1,0.02,pwr,2000,44,0
0.7409,2,0.02,pwr,2000,44,0
0.74129,3,0.02,pwr,2000,44,0
0.74127,4,0.02,pwr,2000,44,0
0.74151,8,0.02,pwr,2000,44,0
0.74038,12,0.02,pwr,2000,44,0
0.74058,20,0.02,pwr,2000,44,0
0.7403,40,0.02,pwr,2000,44,0
0.73903,80,0.02,pwr,2000,44,0
0.73407,200,0.02,pwr,2000,44,0
0.74065,1,0.022,pwr,2000,44,0
0.74141,2,0.022,pwr,2000,44,0
0.74065,3,0.022,pwr,2000,44,0
0.74065,4,0.022,pwr,2000,44,0
0.74066,8,0.022,pwr,2000,44,0
0.74091,12,0.022,pwr,2000,44,0
0.74008,20,0.022,pwr,2000,44,0
0.73975,40,0.022,pwr,2000,44,0
0.73824,80,0.022,pwr,2000,44,0
0.73265,200,0.022,pwr,2000,44,0
0.7038,1,1.00E-11,pwr,2500,44,0
0.7046,2,1.00E-11,pwr,2500,44,0
0.70564,3,1.00E-11,pwr,2500,44,0
0.70732,4,1.00E-11,pwr,2500,44,0
0.71344,8,1.00E-11,pwr,2500,44,0
0.72004,12,1.00E-11,pwr,2500,44,0
0.72886,20,1.00E-11,pwr,2500,44,0
0.73902,40,1.00E-11,pwr,2500,44,0
0.74806,80,1.00E-11,pwr,2500,44,0
0.76001,200,1.00E-11,pwr,2500,44,0
0.70449,1,0.002,pwr,2500,44,0
0.70416,2,0.002,pwr,2500,44,0
0.70439,3,0.002,pwr,2500,44,0
0.70513,4,0.002,pwr,2500,44,0
0.70659,8,0.002,pwr,2500,44,0
0.7097,12,0.002,pwr,2500,44,0
0.71321,20,0.002,pwr,2500,44,0
0.72016,40,0.002,pwr,2500,44,0
0.72593,80,0.002,pwr,2500,44,0
0.73596,200,0.002,pwr,2500,44,0
0.70351,1,0.004,pwr,2500,44,0
0.70425,2,0.004,pwr,2500,44,0
0.7044,3,0.004,pwr,2500,44,0
0.70405,4,0.004,pwr,2500,44,0
0.70581,8,0.004,pwr,2500,44,0
0.70613,12,0.004,pwr,2500,44,0
0.70869,20,0.004,pwr,2500,44,0
0.71281,40,0.004,pwr,2500,44,0
0.71771,80,0.004,pwr,2500,44,0
0.72568,200,0.004,pwr,2500,44,0
0.70302,1,0.006,pwr,2500,44,0
0.70404,2,0.006,pwr,2500,44,0
0.70422,3,0.006,pwr,2500,44,0
0.70417,4,0.006,pwr,2500,44,0
0.70458,8,0.006,pwr,2500,44,0
0.70562,12,0.006,pwr,2500,44,0
0.70618,20,0.006,pwr,2500,44,0
0.70879,40,0.006,pwr,2500,44,0
0.71214,80,0.006,pwr,2500,44,0
0.71873,200,0.006,pwr,2500,44,0
0.70381,1,0.008,pwr,2500,44,0
0.70409,2,0.008,pwr,2500,44,0
0.7042,3,0.008,pwr,2500,44,0
0.70409,4,0.008,pwr,2500,44,0
0.70411,8,0.008,pwr,2500,44,0
0.70442,12,0.008,pwr,2500,44,0
0.70569,20,0.008,pwr,2500,44,0
0.70686,40,0.008,pwr,2500,44,0
0.70894,80,0.008,pwr,2500,44,0
0.71392,200,0.008,pwr,2500,44,0
0.70339,1,0.01,pwr,2500,44,0
0.70383,2,0.01,pwr,2500,44,0
0.70398,3,0.01,pwr,2500,44,0
0.70323,4,0.01,pwr,2500,44,0
0.70404,8,0.01,pwr,2500,44,0
0.7043,12,0.01,pwr,2500,44,0
0.70505,20,0.01,pwr,2500,44,0
0.7056,40,0.01,pwr,2500,44,0
0.70624,80,0.01,pwr,2500,44,0
0.7096,200,0.01,pwr,2500,44,0
0.70403,1,0.012,pwr,2500,44,0
0.7039,2,0.012,pwr,2500,44,0
0.70362,3,0.012,pwr,2500,44,0
0.70421,4,0.012,pwr,2500,44,0
0.7043,8,0.012,pwr,2500,44,0
0.70433,12,0.012,pwr,2500,44,0
0.70364,20,0.012,pwr,2500,44,0
0.70383,40,0.012,pwr,2500,44,0
0.70449,80,0.012,pwr,2500,44,0
0.70619,200,0.012,pwr,2500,44,0
0.70392,1,0.014,pwr,2500,44,0
0.7037,2,0.014,pwr,2500,44,0
0.70319,3,0.014,pwr,2500,44,0
0.70361,4,0.014,pwr,2500,44,0
0.70369,8,0.014,pwr,2500,44,0
0.70399,12,0.014,pwr,2500,44,0
0.70351,20,0.014,pwr,2500,44,0
0.70437,40,0.014,pwr,2500,44,0
0.70358,80,0.014,pwr,2500,44,0
0.7032,200,0.014,pwr,2500,44,0
0.70402,1,0.016,pwr,2500,44,0
0.70348,2,0.016,pwr,2500,44,0
0.70385,3,0.016,pwr,2500,44,0
0.70394,4,0.016,pwr,2500,44,0
0.70325,8,0.016,pwr,2500,44,0
0.70326,12,0.016,pwr,2500,44,0
0.70323,20,0.016,pwr,2500,44,0
0.70348,40,0.016,pwr,2500,44,0
0.70312,80,0.016,pwr,2500,44,0
0.70081,200,0.016,pwr,2500,44,0
0.70398,1,0.018,pwr,2500,44,0
0.70317,2,0.018,pwr,2500,44,0
0.70355,3,0.018,pwr,2500,44,0
0.70421,4,0.018,pwr,2500,44,0
0.70373,8,0.018,pwr,2500,44,0
0.70398,12,0.018,pwr,2500,44,0
0.7039,20,0.018,pwr,2500,44,0
0.70266,40,0.018,pwr,2500,44,0
0.70246,80,0.018,pwr,2500,44,0
0.69878,200,0.018,pwr,2500,44,0
0.70382,1,0.02,pwr,2500,44,0
0.70372,2,0.02,pwr,2500,44,0
0.70425,3,0.02,pwr,2500,44,0
0.7038,4,0.02,pwr,2500,44,0
0.70348,8,0.02,pwr,2500,44,0
0.70367,12,0.02,pwr,2500,44,0
0.70307,20,0.02,pwr,2500,44,0
0.70236,40,0.02,pwr,2500,44,0
0.70139,80,0.02,pwr,2500,44,0
0.69675,200,0.02,pwr,2500,44,0
0.70356,1,0.022,pwr,2500,44,0
0.70351,2,0.022,pwr,2500,44,0
0.70364,3,0.022,pwr,2500,44,0
0.70318,4,0.022,pwr,2500,44,0
0.70373,8,0.022,pwr,2500,44,0
0.70344,12,0.022,pwr,2500,44,0
0.70286,20,0.022,pwr,2500,44,0
0.7022,40,0.022,pwr,2500,44,0
0.70117,80,0.022,pwr,2500,44,0
0.6953,200,0.022,pwr,2500,44,0
